source_rpm	provider	location	check
7zip-26.02-1.fc44.src.rpm	Fedora Koji	https://kojipkgs.fedoraproject.org/packages/7zip/26.02/1.fc44/src/7zip-26.02-1.fc44.src.rpm	HTTP range + RPM magic
LibRaw-0.22.2-1.fc44.src.rpm	Fedora Koji	https://kojipkgs.fedoraproject.org/packages/LibRaw/0.22.2/1.fc44/src/LibRaw-0.22.2-1.fc44.src.rpm	HTTP range + RPM magic
ModemManager-1.24.2-3.fc44.src.rpm	Fedora Koji	https://kojipkgs.fedoraproject.org/packages/ModemManager/1.24.2/3.fc44/src/ModemManager-1.24.2-3.fc44.src.rpm	HTTP range + RPM magic
NetworkManager-1.56.1-2.fc44.src.rpm	Fedora Koji	https://kojipkgs.fedoraproject.org/packages/NetworkManager/1.56.1/2.fc44/src/NetworkManager-1.56.1-2.fc44.src.rpm	HTTP range + RPM magic
NetworkManager-l2tp-1.52.4-1.fc44.src.rpm	Fedora Koji	https://kojipkgs.fedoraproject.org/packages/NetworkManager-l2tp/1.52.4/1.fc44/src/NetworkManager-l2tp-1.52.4-1.fc44.src.rpm	HTTP range + RPM magic
NetworkManager-libreswan-1.2.30-3.fc44.src.rpm	Fedora Koji	https://kojipkgs.fedoraproject.org/packages/NetworkManager-libreswan/1.2.30/3.fc44/src/NetworkManager-libreswan-1.2.30-3.fc44.src.rpm	HTTP range + RPM magic
NetworkManager-openconnect-1.2.10-11.fc44.src.rpm	Fedora Koji	https://kojipkgs.fedoraproject.org/packages/NetworkManager-openconnect/1.2.10/11.fc44/src/NetworkManager-openconnect-1.2.10-11.fc44.src.rpm	HTTP range + RPM magic
NetworkManager-openvpn-1.12.5-4.fc44.src.rpm	Fedora Koji	https://kojipkgs.fedoraproject.org/packages/NetworkManager-openvpn/1.12.5/4.fc44/src/NetworkManager-openvpn-1.12.5-4.fc44.src.rpm	HTTP range + RPM magic
NetworkManager-pptp-1.2.12-12.fc44.src.rpm	Fedora Koji	https://kojipkgs.fedoraproject.org/packages/NetworkManager-pptp/1.2.12/12.fc44/src/NetworkManager-pptp-1.2.12-12.fc44.src.rpm	HTTP range + RPM magic
NetworkManager-vpnc-1.4.0-6.fc44.src.rpm	Fedora Koji	https://kojipkgs.fedoraproject.org/packages/NetworkManager-vpnc/1.4.0/6.fc44/src/NetworkManager-vpnc-1.4.0-6.fc44.src.rpm	HTTP range + RPM magic
OpenCL-ICD-Loader-3.0.6-7.20250722gitad770a1.fc44.src.rpm	Fedora Koji	https://kojipkgs.fedoraproject.org/packages/OpenCL-ICD-Loader/3.0.6/7.20250722gitad770a1.fc44/src/OpenCL-ICD-Loader-3.0.6-7.20250722gitad770a1.fc44.src.rpm	HTTP range + RPM magic
PackageKit-1.3.6-1.fc44.src.rpm	Fedora Koji	https://kojipkgs.fedoraproject.org/packages/PackageKit/1.3.6/1.fc44/src/PackageKit-1.3.6-1.fc44.src.rpm	HTTP range + RPM magic
PackageKit-Qt-1.1.4-4.fc44.src.rpm	Fedora Koji	https://kojipkgs.fedoraproject.org/packages/PackageKit-Qt/1.1.4/4.fc44/src/PackageKit-Qt-1.1.4-4.fc44.src.rpm	HTTP range + RPM magic
SDL3-3.4.16-1.fc44.src.rpm	Fedora Koji	https://kojipkgs.fedoraproject.org/packages/SDL3/3.4.16/1.fc44/src/SDL3-3.4.16-1.fc44.src.rpm	HTTP range + RPM magic
SDL3_image-3.4.4-1.fc44.src.rpm	Fedora Koji	https://kojipkgs.fedoraproject.org/packages/SDL3_image/3.4.4/1.fc44/src/SDL3_image-3.4.4-1.fc44.src.rpm	HTTP range + RPM magic
SDL3_ttf-3.2.2-4.fc44.src.rpm	Fedora Koji	https://kojipkgs.fedoraproject.org/packages/SDL3_ttf/3.2.2/4.fc44/src/SDL3_ttf-3.2.2-4.fc44.src.rpm	HTTP range + RPM magic
aardvark-dns-1.17.1-1.fc44.src.rpm	Fedora Koji	https://kojipkgs.fedoraproject.org/packages/aardvark-dns/1.17.1/1.fc44/src/aardvark-dns-1.17.1-1.fc44.src.rpm	HTTP range + RPM magic
abattis-cantarell-fonts-0.301-17.fc44.src.rpm	Fedora Koji	https://kojipkgs.fedoraproject.org/packages/abattis-cantarell-fonts/0.301/17.fc44/src/abattis-cantarell-fonts-0.301-17.fc44.src.rpm	HTTP range + RPM magic
abrt-2.17.9-1.fc44.src.rpm	Fedora Koji	https://kojipkgs.fedoraproject.org/packages/abrt/2.17.9/1.fc44/src/abrt-2.17.9-1.fc44.src.rpm	HTTP range + RPM magic
abseil-cpp-20260107.1-1.fc44.src.rpm	Fedora Koji	https://kojipkgs.fedoraproject.org/packages/abseil-cpp/20260107.1/1.fc44/src/abseil-cpp-20260107.1-1.fc44.src.rpm	HTTP range + RPM magic
accounts-qml-module-0.7^20231216.05e79eb-8.fc44.src.rpm	Fedora Koji	https://kojipkgs.fedoraproject.org/packages/accounts-qml-module/0.7^20231216.05e79eb/8.fc44/src/accounts-qml-module-0.7^20231216.05e79eb-8.fc44.src.rpm	HTTP range + RPM magic
accountsservice-23.13.9-16.fc44.src.rpm	Fedora Koji	https://kojipkgs.fedoraproject.org/packages/accountsservice/23.13.9/16.fc44/src/accountsservice-23.13.9-16.fc44.src.rpm	HTTP range + RPM magic
acl-2.4.0-1.fc44.src.rpm	Fedora Koji	https://kojipkgs.fedoraproject.org/packages/acl/2.4.0/1.fc44/src/acl-2.4.0-1.fc44.src.rpm	HTTP range + RPM magic
adobe-mappings-cmap-20231115-5.fc44.src.rpm	Fedora Koji	https://kojipkgs.fedoraproject.org/packages/adobe-mappings-cmap/20231115/5.fc44/src/adobe-mappings-cmap-20231115-5.fc44.src.rpm	HTTP range + RPM magic
adobe-mappings-pdf-20190401-12.fc44.src.rpm	Fedora Koji	https://kojipkgs.fedoraproject.org/packages/adobe-mappings-pdf/20190401/12.fc44/src/adobe-mappings-pdf-20190401-12.fc44.src.rpm	HTTP range + RPM magic
adwaita-icon-theme-50.0-1.fc44.src.rpm	Fedora Koji	https://kojipkgs.fedoraproject.org/packages/adwaita-icon-theme/50.0/1.fc44/src/adwaita-icon-theme-50.0-1.fc44.src.rpm	HTTP range + RPM magic
adwaita-icon-theme-legacy-46.2-7.fc44.src.rpm	Fedora Koji	https://kojipkgs.fedoraproject.org/packages/adwaita-icon-theme-legacy/46.2/7.fc44/src/adwaita-icon-theme-legacy-46.2-7.fc44.src.rpm	HTTP range + RPM magic
aha-0.5.1-16.fc44.src.rpm	Fedora Koji	https://kojipkgs.fedoraproject.org/packages/aha/0.5.1/16.fc44/src/aha-0.5.1-16.fc44.src.rpm	HTTP range + RPM magic
akonadi-server-26.08.0-1.fc44.src.rpm	Fedora Koji	https://kojipkgs.fedoraproject.org/packages/akonadi-server/26.08.0/1.fc44/src/akonadi-server-26.08.0-1.fc44.src.rpm	HTTP range + RPM magic
alsa-lib-1.2.16.1-1.fc44.src.rpm	Fedora Koji	https://kojipkgs.fedoraproject.org/packages/alsa-lib/1.2.16.1/1.fc44/src/alsa-lib-1.2.16.1-1.fc44.src.rpm	HTTP range + RPM magic
alsa-utils-1.2.16-1.fc44.src.rpm	Fedora Koji	https://kojipkgs.fedoraproject.org/packages/alsa-utils/1.2.16/1.fc44/src/alsa-utils-1.2.16-1.fc44.src.rpm	HTTP range + RPM magic
aom-3.13.3-1.fc44.src.rpm	Fedora Koji	https://kojipkgs.fedoraproject.org/packages/aom/3.13.3/1.fc44/src/aom-3.13.3-1.fc44.src.rpm	HTTP range + RPM magic
appstream-1.1.3-1.fc44.src.rpm	Fedora Koji	https://kojipkgs.fedoraproject.org/packages/appstream/1.1.3/1.fc44/src/appstream-1.1.3-1.fc44.src.rpm	HTTP range + RPM magic
appstream-data-44-4.fc44.src.rpm	Fedora Koji	https://kojipkgs.fedoraproject.org/packages/appstream-data/44/4.fc44/src/appstream-data-44-4.fc44.src.rpm	HTTP range + RPM magic
aribb24-1.0.3^20160216git5e9be27-5.fc44.src.rpm	Fedora Koji	https://kojipkgs.fedoraproject.org/packages/aribb24/1.0.3^20160216git5e9be27/5.fc44/src/aribb24-1.0.3^20160216git5e9be27-5.fc44.src.rpm	HTTP range + RPM magic
ark-26.08.0-1.fc44.src.rpm	Fedora Koji	https://kojipkgs.fedoraproject.org/packages/ark/26.08.0/1.fc44/src/ark-26.08.0-1.fc44.src.rpm	HTTP range + RPM magic
assimp-6.0.5-2.fc44.src.rpm	Fedora Koji	https://kojipkgs.fedoraproject.org/packages/assimp/6.0.5/2.fc44/src/assimp-6.0.5-2.fc44.src.rpm	HTTP range + RPM magic
at-spi2-core-2.60.6-1.fc44.src.rpm	Fedora Koji	https://kojipkgs.fedoraproject.org/packages/at-spi2-core/2.60.6/1.fc44/src/at-spi2-core-2.60.6-1.fc44.src.rpm	HTTP range + RPM magic
attr-2.6.0-1.fc44.src.rpm	Fedora Koji	https://kojipkgs.fedoraproject.org/packages/attr/2.6.0/1.fc44/src/attr-2.6.0-1.fc44.src.rpm	HTTP range + RPM magic
audiocd-kio-26.08.0-1.fc44.src.rpm	Fedora Koji	https://kojipkgs.fedoraproject.org/packages/audiocd-kio/26.08.0/1.fc44/src/audiocd-kio-26.08.0-1.fc44.src.rpm	HTTP range + RPM magic
audit-4.2.1-1.fc44.src.rpm	Fedora Koji	https://kojipkgs.fedoraproject.org/packages/audit/4.2.1/1.fc44/src/audit-4.2.1-1.fc44.src.rpm	HTTP range + RPM magic
augeas-1.14.2-0.11.20260408gitada6219.fc44.src.rpm	Fedora Koji	https://kojipkgs.fedoraproject.org/packages/augeas/1.14.2/0.11.20260408gitada6219.fc44/src/augeas-1.14.2-0.11.20260408gitada6219.fc44.src.rpm	HTTP range + RPM magic
aurorae-6.7.4-1.fc44.src.rpm	Fedora Koji	https://kojipkgs.fedoraproject.org/packages/aurorae/6.7.4/1.fc44/src/aurorae-6.7.4-1.fc44.src.rpm	HTTP range + RPM magic
authselect-1.7.1-1.fc44.src.rpm	Fedora Koji	https://kojipkgs.fedoraproject.org/packages/authselect/1.7.1/1.fc44/src/authselect-1.7.1-1.fc44.src.rpm	HTTP range + RPM magic
avahi-0.9~rc2-8.fc44.src.rpm	Fedora Koji	https://kojipkgs.fedoraproject.org/packages/avahi/0.9~rc2/8.fc44/src/avahi-0.9~rc2-8.fc44.src.rpm	HTTP range + RPM magic
babeltrace-1.5.11-17.fc44.src.rpm	Fedora Koji	https://kojipkgs.fedoraproject.org/packages/babeltrace/1.5.11/17.fc44/src/babeltrace-1.5.11-17.fc44.src.rpm	HTTP range + RPM magic
baloo-widgets-26.08.0-1.fc44.src.rpm	Fedora Koji	https://kojipkgs.fedoraproject.org/packages/baloo-widgets/26.08.0/1.fc44/src/baloo-widgets-26.08.0-1.fc44.src.rpm	HTTP range + RPM magic
bash-5.3.9-3.fc44.src.rpm	Fedora Koji	https://kojipkgs.fedoraproject.org/packages/bash/5.3.9/3.fc44/src/bash-5.3.9-3.fc44.src.rpm	HTTP range + RPM magic
bash-completion-2.17-2.fc44.src.rpm	Fedora Koji	https://kojipkgs.fedoraproject.org/packages/bash-completion/2.17/2.fc44/src/bash-completion-2.17-2.fc44.src.rpm	HTTP range + RPM magic
binutils-2.46.1-1.fc44.src.rpm	Fedora Koji	https://kojipkgs.fedoraproject.org/packages/binutils/2.46.1/1.fc44/src/binutils-2.46.1-1.fc44.src.rpm	HTTP range + RPM magic
black-hole-solver-1.14.0-4.fc44.src.rpm	Fedora Koji	https://kojipkgs.fedoraproject.org/packages/black-hole-solver/1.14.0/4.fc44/src/black-hole-solver-1.14.0-4.fc44.src.rpm	HTTP range + RPM magic
bluedevil-6.7.4-1.fc44.src.rpm	Fedora Koji	https://kojipkgs.fedoraproject.org/packages/bluedevil/6.7.4/1.fc44/src/bluedevil-6.7.4-1.fc44.src.rpm	HTTP range + RPM magic
bluez-5.87-6.fc44.src.rpm	Fedora Koji	https://kojipkgs.fedoraproject.org/packages/bluez/5.87/6.fc44/src/bluez-5.87-6.fc44.src.rpm	HTTP range + RPM magic
bluez-tools-0.2.0-0.30.git20170912.7cb788c.fc44.src.rpm	Fedora Koji	https://kojipkgs.fedoraproject.org/packages/bluez-tools/0.2.0/0.30.git20170912.7cb788c.fc44/src/bluez-tools-0.2.0-0.30.git20170912.7cb788c.fc44.src.rpm	HTTP range + RPM magic
bolt-0.9.11-1.fc44.src.rpm	Fedora Koji	https://kojipkgs.fedoraproject.org/packages/bolt/0.9.11/1.fc44/src/bolt-0.9.11-1.fc44.src.rpm	HTTP range + RPM magic
boost-1.90.0-7.fc44.src.rpm	Fedora Koji	https://kojipkgs.fedoraproject.org/packages/boost/1.90.0/7.fc44/src/boost-1.90.0-7.fc44.src.rpm	HTTP range + RPM magic
breeze-gtk-6.7.4-1.fc44.src.rpm	Fedora Koji	https://kojipkgs.fedoraproject.org/packages/breeze-gtk/6.7.4/1.fc44/src/breeze-gtk-6.7.4-1.fc44.src.rpm	HTTP range + RPM magic
brise-0.38.20180515-21.fc44.src.rpm	Fedora Koji	https://kojipkgs.fedoraproject.org/packages/brise/0.38.20180515/21.fc44/src/brise-0.38.20180515-21.fc44.src.rpm	HTTP range + RPM magic
brotli-1.2.0-3.fc44.src.rpm	Fedora Koji	https://kojipkgs.fedoraproject.org/packages/brotli/1.2.0/3.fc44/src/brotli-1.2.0-3.fc44.src.rpm	HTTP range + RPM magic
bubblewrap-0.12.0-1.fc44.src.rpm	Fedora Koji	https://kojipkgs.fedoraproject.org/packages/bubblewrap/0.12.0/1.fc44/src/bubblewrap-0.12.0-1.fc44.src.rpm	HTTP range + RPM magic
bzip2-1.0.8-23.fc44.src.rpm	Fedora Koji	https://kojipkgs.fedoraproject.org/packages/bzip2/1.0.8/23.fc44/src/bzip2-1.0.8-23.fc44.src.rpm	HTTP range + RPM magic
ca-certificates-2026.2.90_v9.0.317-1.fc44.src.rpm	Fedora Koji	https://kojipkgs.fedoraproject.org/packages/ca-certificates/2026.2.90_v9.0.317/1.fc44/src/ca-certificates-2026.2.90_v9.0.317-1.fc44.src.rpm	HTTP range + RPM magic
cairo-1.18.4-6.fc44.src.rpm	Fedora Koji	https://kojipkgs.fedoraproject.org/packages/cairo/1.18.4/6.fc44/src/cairo-1.18.4-6.fc44.src.rpm	HTTP range + RPM magic
catatonit-0.2.1-5.fc44.src.rpm	Fedora Koji	https://kojipkgs.fedoraproject.org/packages/catatonit/0.2.1/5.fc44/src/catatonit-0.2.1-5.fc44.src.rpm	HTTP range + RPM magic
cdparanoia-10.2-50.fc44.src.rpm	Fedora Koji	https://kojipkgs.fedoraproject.org/packages/cdparanoia/10.2/50.fc44/src/cdparanoia-10.2-50.fc44.src.rpm	HTTP range + RPM magic
chkconfig-1.33-5.fc44.src.rpm	Fedora Koji	https://kojipkgs.fedoraproject.org/packages/chkconfig/1.33/5.fc44/src/chkconfig-1.33-5.fc44.src.rpm	HTTP range + RPM magic
chromaprint-1.6.0-4.fc44.src.rpm	Fedora Koji	https://kojipkgs.fedoraproject.org/packages/chromaprint/1.6.0/4.fc44/src/chromaprint-1.6.0-4.fc44.src.rpm	HTTP range + RPM magic
cjson-1.7.19-1.fc44.src.rpm	Fedora Koji	https://kojipkgs.fedoraproject.org/packages/cjson/1.7.19/1.fc44/src/cjson-1.7.19-1.fc44.src.rpm	HTTP range + RPM magic
clinfo-3.0.25.02.14-3.fc44.src.rpm	Fedora Koji	https://kojipkgs.fedoraproject.org/packages/clinfo/3.0.25.02.14/3.fc44/src/clinfo-3.0.25.02.14-3.fc44.src.rpm	HTTP range + RPM magic
cloud-utils-0.33-13.fc44.src.rpm	Fedora Koji	https://kojipkgs.fedoraproject.org/packages/cloud-utils/0.33/13.fc44/src/cloud-utils-0.33-13.fc44.src.rpm	HTTP range + RPM magic
cmake-4.3.0-1.fc44.src.rpm	Fedora Koji	https://kojipkgs.fedoraproject.org/packages/cmake/4.3.0/1.fc44/src/cmake-4.3.0-1.fc44.src.rpm	HTTP range + RPM magic
cmark-0.31.1-3.fc44.src.rpm	Fedora Koji	https://kojipkgs.fedoraproject.org/packages/cmark/0.31.1/3.fc44/src/cmark-0.31.1-3.fc44.src.rpm	HTTP range + RPM magic
codec2-1.2.0-9.fc44.src.rpm	Fedora Koji	https://kojipkgs.fedoraproject.org/packages/codec2/1.2.0/9.fc44/src/codec2-1.2.0-9.fc44.src.rpm	HTTP range + RPM magic
color-filesystem-1-38.fc44.src.rpm	Fedora Koji	https://kojipkgs.fedoraproject.org/packages/color-filesystem/1/38.fc44/src/color-filesystem-1-38.fc44.src.rpm	HTTP range + RPM magic
colord-1.4.8-4.fc44.src.rpm	Fedora Koji	https://kojipkgs.fedoraproject.org/packages/colord/1.4.8/4.fc44/src/colord-1.4.8-4.fc44.src.rpm	HTTP range + RPM magic
colord-kde-26.08.0-1.fc44.src.rpm	Fedora Koji	https://kojipkgs.fedoraproject.org/packages/colord-kde/26.08.0/1.fc44/src/colord-kde-26.08.0-1.fc44.src.rpm	HTTP range + RPM magic
composefs-1.0.8-5.fc44.src.rpm	Fedora Koji	https://kojipkgs.fedoraproject.org/packages/composefs/1.0.8/5.fc44/src/composefs-1.0.8-5.fc44.src.rpm	HTTP range + RPM magic
conmon-2.2.1-2.fc44.src.rpm	Fedora Koji	https://kojipkgs.fedoraproject.org/packages/conmon/2.2.1/2.fc44/src/conmon-2.2.1-2.fc44.src.rpm	HTTP range + RPM magic
containers-common-0.67.0-1.fc44.src.rpm	Fedora Koji	https://kojipkgs.fedoraproject.org/packages/containers-common/0.67.0/1.fc44/src/containers-common-0.67.0-1.fc44.src.rpm	HTTP range + RPM magic
coreutils-9.10-5.fc44.src.rpm	Fedora Koji	https://kojipkgs.fedoraproject.org/packages/coreutils/9.10/5.fc44/src/coreutils-9.10-5.fc44.src.rpm	HTTP range + RPM magic
cpio-2.15-9.fc44.src.rpm	Fedora Koji	https://kojipkgs.fedoraproject.org/packages/cpio/2.15/9.fc44/src/cpio-2.15-9.fc44.src.rpm	HTTP range + RPM magic
cracklib-2.10.3-1.fc44.src.rpm	Fedora Koji	https://kojipkgs.fedoraproject.org/packages/cracklib/2.10.3/1.fc44/src/cracklib-2.10.3-1.fc44.src.rpm	HTTP range + RPM magic
crun-1.28-1.fc44.src.rpm	Fedora Koji	https://kojipkgs.fedoraproject.org/packages/crun/1.28/1.fc44/src/crun-1.28-1.fc44.src.rpm	HTTP range + RPM magic
crypto-policies-20251128-3.git19878fe.fc44.src.rpm	Fedora Koji	https://kojipkgs.fedoraproject.org/packages/crypto-policies/20251128/3.git19878fe.fc44/src/crypto-policies-20251128-3.git19878fe.fc44.src.rpm	HTTP range + RPM magic
cryptsetup-2.8.7-1.fc44.src.rpm	Fedora Koji	https://kojipkgs.fedoraproject.org/packages/cryptsetup/2.8.7/1.fc44/src/cryptsetup-2.8.7-1.fc44.src.rpm	HTTP range + RPM magic
ctags-6.2.1-3.fc44.src.rpm	Fedora Koji	https://kojipkgs.fedoraproject.org/packages/ctags/6.2.1/3.fc44/src/ctags-6.2.1-3.fc44.src.rpm	HTTP range + RPM magic
cups-2.4.19-3.fc44.src.rpm	Fedora Koji	https://kojipkgs.fedoraproject.org/packages/cups/2.4.19/3.fc44/src/cups-2.4.19-3.fc44.src.rpm	HTTP range + RPM magic
cups-filters-2.0.1-17.fc44.src.rpm	Fedora Koji	https://kojipkgs.fedoraproject.org/packages/cups-filters/2.0.1/17.fc44/src/cups-filters-2.0.1-17.fc44.src.rpm	HTTP range + RPM magic
cups-pk-helper-0.2.7-12.fc44.src.rpm	Fedora Koji	https://kojipkgs.fedoraproject.org/packages/cups-pk-helper/0.2.7/12.fc44/src/cups-pk-helper-0.2.7-12.fc44.src.rpm	HTTP range + RPM magic
curl-8.18.0-9.fc44.src.rpm	Fedora Koji	https://kojipkgs.fedoraproject.org/packages/curl/8.18.0/9.fc44/src/curl-8.18.0-9.fc44.src.rpm	HTTP range + RPM magic
cyrus-sasl-2.1.28-35.fc44.src.rpm	Fedora Koji	https://kojipkgs.fedoraproject.org/packages/cyrus-sasl/2.1.28/35.fc44/src/cyrus-sasl-2.1.28-35.fc44.src.rpm	HTTP range + RPM magic
dav1d-1.5.3-1.fc44.src.rpm	Fedora Koji	https://kojipkgs.fedoraproject.org/packages/dav1d/1.5.3/1.fc44/src/dav1d-1.5.3-1.fc44.src.rpm	HTTP range + RPM magic
dbus-1.16.2-1.fc44.src.rpm	Fedora Koji	https://kojipkgs.fedoraproject.org/packages/dbus/1.16.2/1.fc44/src/dbus-1.16.2-1.fc44.src.rpm	HTTP range + RPM magic
dbus-broker-37-8.fc44.src.rpm	Fedora Koji	https://kojipkgs.fedoraproject.org/packages/dbus-broker/37/8.fc44/src/dbus-broker-37-8.fc44.src.rpm	HTTP range + RPM magic
dbus-python-1.4.0-9.fc44.src.rpm	Fedora Koji	https://kojipkgs.fedoraproject.org/packages/dbus-python/1.4.0/9.fc44/src/dbus-python-1.4.0-9.fc44.src.rpm	HTTP range + RPM magic
dconf-0.49.0-5.fc44.src.rpm	Fedora Koji	https://kojipkgs.fedoraproject.org/packages/dconf/0.49.0/5.fc44/src/dconf-0.49.0-5.fc44.src.rpm	HTTP range + RPM magic
ddcutil-2.2.1-3.fc44.src.rpm	Fedora Koji	https://kojipkgs.fedoraproject.org/packages/ddcutil/2.2.1/3.fc44/src/ddcutil-2.2.1-3.fc44.src.rpm	HTTP range + RPM magic
desktop-backgrounds-44.0.0-2.fc44.src.rpm	Fedora Koji	https://kojipkgs.fedoraproject.org/packages/desktop-backgrounds/44.0.0/2.fc44/src/desktop-backgrounds-44.0.0-2.fc44.src.rpm	HTTP range + RPM magic
desktop-file-utils-0.28-5.fc44.src.rpm	Fedora Koji	https://kojipkgs.fedoraproject.org/packages/desktop-file-utils/0.28/5.fc44/src/desktop-file-utils-0.28-5.fc44.src.rpm	HTTP range + RPM magic
discount-2.2.7-14.fc44.src.rpm	Fedora Koji	https://kojipkgs.fedoraproject.org/packages/discount/2.2.7/14.fc44/src/discount-2.2.7-14.fc44.src.rpm	HTTP range + RPM magic
distribution-gpg-keys-1.121-1.fc44.src.rpm	Fedora Koji	https://kojipkgs.fedoraproject.org/packages/distribution-gpg-keys/1.121/1.fc44/src/distribution-gpg-keys-1.121-1.fc44.src.rpm	HTTP range + RPM magic
djvulibre-3.5.30-1.fc44.src.rpm	Fedora Koji	https://kojipkgs.fedoraproject.org/packages/djvulibre/3.5.30/1.fc44/src/djvulibre-3.5.30-1.fc44.src.rpm	HTTP range + RPM magic
dmidecode-3.7-1.fc44.src.rpm	Fedora Koji	https://kojipkgs.fedoraproject.org/packages/dmidecode/3.7/1.fc44/src/dmidecode-3.7-1.fc44.src.rpm	HTTP range + RPM magic
dnf-4.24.0-3.fc44.src.rpm	Fedora Koji	https://kojipkgs.fedoraproject.org/packages/dnf/4.24.0/3.fc44/src/dnf-4.24.0-3.fc44.src.rpm	HTTP range + RPM magic
dnf5-5.4.3.0-2.fc44.src.rpm	Fedora Koji	https://kojipkgs.fedoraproject.org/packages/dnf5/5.4.3.0/2.fc44/src/dnf5-5.4.3.0-2.fc44.src.rpm	HTTP range + RPM magic
dns-root-data-2026260100-2.fc44.src.rpm	Fedora Koji	https://kojipkgs.fedoraproject.org/packages/dns-root-data/2026260100/2.fc44/src/dns-root-data-2026260100-2.fc44.src.rpm	HTTP range + RPM magic
docbook-dtds-1.0-91.fc44.src.rpm	Fedora Koji	https://kojipkgs.fedoraproject.org/packages/docbook-dtds/1.0/91.fc44/src/docbook-dtds-1.0-91.fc44.src.rpm	HTTP range + RPM magic
docbook-style-xsl-1.79.2-27.fc44.src.rpm	Fedora Koji	https://kojipkgs.fedoraproject.org/packages/docbook-style-xsl/1.79.2/27.fc44/src/docbook-style-xsl-1.79.2-27.fc44.src.rpm	HTTP range + RPM magic
dolphin-26.08.0-1.fc44.src.rpm	Fedora Koji	https://kojipkgs.fedoraproject.org/packages/dolphin/26.08.0/1.fc44/src/dolphin-26.08.0-1.fc44.src.rpm	HTTP range + RPM magic
dosfstools-4.2-18.fc44.src.rpm	Fedora Koji	https://kojipkgs.fedoraproject.org/packages/dosfstools/4.2/18.fc44/src/dosfstools-4.2-18.fc44.src.rpm	HTTP range + RPM magic
double-conversion-3.4.0-3.fc44.src.rpm	Fedora Koji	https://kojipkgs.fedoraproject.org/packages/double-conversion/3.4.0/3.fc44/src/double-conversion-3.4.0-3.fc44.src.rpm	HTTP range + RPM magic
duktape-2.7.0-11.fc44.src.rpm	Fedora Koji	https://kojipkgs.fedoraproject.org/packages/duktape/2.7.0/11.fc44/src/duktape-2.7.0-11.fc44.src.rpm	HTTP range + RPM magic
e2fsprogs-1.47.3-4.fc44.src.rpm	Fedora Koji	https://kojipkgs.fedoraproject.org/packages/e2fsprogs/1.47.3/4.fc44/src/e2fsprogs-1.47.3-4.fc44.src.rpm	HTTP range + RPM magic
ebook-tools-0.2.2-31.fc44.src.rpm	Fedora Koji	https://kojipkgs.fedoraproject.org/packages/ebook-tools/0.2.2/31.fc44/src/ebook-tools-0.2.2-31.fc44.src.rpm	HTTP range + RPM magic
editorconfig-0.12.11-1.fc44.src.rpm	Fedora Koji	https://kojipkgs.fedoraproject.org/packages/editorconfig/0.12.11/1.fc44/src/editorconfig-0.12.11-1.fc44.src.rpm	HTTP range + RPM magic
elfutils-0.196-1.fc44.src.rpm	Fedora Koji	https://kojipkgs.fedoraproject.org/packages/elfutils/0.196/1.fc44/src/elfutils-0.196-1.fc44.src.rpm	HTTP range + RPM magic
emacs-filesystem-30.2-2.fc44.src.rpm	Fedora Koji	https://kojipkgs.fedoraproject.org/packages/emacs-filesystem/30.2/2.fc44/src/emacs-filesystem-30.2-2.fc44.src.rpm	HTTP range + RPM magic
enchant2-2.8.19-2.fc44.src.rpm	Fedora Koji	https://kojipkgs.fedoraproject.org/packages/enchant2/2.8.19/2.fc44/src/enchant2-2.8.19-2.fc44.src.rpm	HTTP range + RPM magic
ethtool-7.1-1.fc44.src.rpm	Fedora Koji	https://kojipkgs.fedoraproject.org/packages/ethtool/7.1/1.fc44/src/ethtool-7.1-1.fc44.src.rpm	HTTP range + RPM magic
exiv2-0.28.9-1.fc44.src.rpm	Fedora Koji	https://kojipkgs.fedoraproject.org/packages/exiv2/0.28.9/1.fc44/src/exiv2-0.28.9-1.fc44.src.rpm	HTTP range + RPM magic
expat-2.8.3-1.fc44.src.rpm	Fedora Koji	https://kojipkgs.fedoraproject.org/packages/expat/2.8.3/1.fc44/src/expat-2.8.3-1.fc44.src.rpm	HTTP range + RPM magic
f44-backgrounds-44.0.0-1.fc44.src.rpm	Fedora Koji	https://kojipkgs.fedoraproject.org/packages/f44-backgrounds/44.0.0/1.fc44/src/f44-backgrounds-44.0.0-1.fc44.src.rpm	HTTP range + RPM magic
faad2-2.11.2-6.fc44.src.rpm	Fedora Koji	https://kojipkgs.fedoraproject.org/packages/faad2/2.11.2/6.fc44/src/faad2-2.11.2-6.fc44.src.rpm	HTTP range + RPM magic
fcitx5-5.1.21-1.fc44.src.rpm	Fedora Koji	https://kojipkgs.fedoraproject.org/packages/fcitx5/5.1.21/1.fc44/src/fcitx5-5.1.21-1.fc44.src.rpm	HTTP range + RPM magic
fcitx5-gtk-5.1.7-1.fc44.src.rpm	Fedora Koji	https://kojipkgs.fedoraproject.org/packages/fcitx5-gtk/5.1.7/1.fc44/src/fcitx5-gtk-5.1.7-1.fc44.src.rpm	HTTP range + RPM magic
fcitx5-rime-5.1.14-1.fc44.src.rpm	Fedora Koji	https://kojipkgs.fedoraproject.org/packages/fcitx5-rime/5.1.14/1.fc44/src/fcitx5-rime-5.1.14-1.fc44.src.rpm	HTTP range + RPM magic
fdk-aac-free-2.0.3-2.fc44.src.rpm	Fedora Koji	https://kojipkgs.fedoraproject.org/packages/fdk-aac-free/2.0.3/2.fc44/src/fdk-aac-free-2.0.3-2.fc44.src.rpm	HTTP range + RPM magic
fedora-flathub-remote-1-12.fc44.src.rpm	Fedora Koji	https://kojipkgs.fedoraproject.org/packages/fedora-flathub-remote/1/12.fc44/src/fedora-flathub-remote-1-12.fc44.src.rpm	HTTP range + RPM magic
fedora-logos-42.0.1-3.fc44.src.rpm	Fedora Koji	https://kojipkgs.fedoraproject.org/packages/fedora-logos/42.0.1/3.fc44/src/fedora-logos-42.0.1-3.fc44.src.rpm	HTTP range + RPM magic
fedora-release-44-18.src.rpm	Fedora Koji	https://kojipkgs.fedoraproject.org/packages/fedora-release/44/18/src/fedora-release-44-18.src.rpm	HTTP range + RPM magic
fedora-repos-44-2.src.rpm	Fedora Koji	https://kojipkgs.fedoraproject.org/packages/fedora-repos/44/2/src/fedora-repos-44-2.src.rpm	HTTP range + RPM magic
fedora-third-party-0.10-16.fc44.src.rpm	Fedora Koji	https://kojipkgs.fedoraproject.org/packages/fedora-third-party/0.10/16.fc44/src/fedora-third-party-0.10-16.fc44.src.rpm	HTTP range + RPM magic
fedora-workstation-repositories-38-9.fc44.src.rpm	Fedora Koji	https://kojipkgs.fedoraproject.org/packages/fedora-workstation-repositories/38/9.fc44/src/fedora-workstation-repositories-38-9.fc44.src.rpm	HTTP range + RPM magic
ffmpeg-8.1.2-4.fc44.src.rpm	Fedora Koji	https://kojipkgs.fedoraproject.org/packages/ffmpeg/8.1.2/4.fc44/src/ffmpeg-8.1.2-4.fc44.src.rpm	HTTP range + RPM magic
ffmpegthumbs-26.08.0-1.fc44.src.rpm	Fedora Koji	https://kojipkgs.fedoraproject.org/packages/ffmpegthumbs/26.08.0/1.fc44/src/ffmpegthumbs-26.08.0-1.fc44.src.rpm	HTTP range + RPM magic
fftw-3.3.10-17.fc44.src.rpm	Fedora Koji	https://kojipkgs.fedoraproject.org/packages/fftw/3.3.10/17.fc44/src/fftw-3.3.10-17.fc44.src.rpm	HTTP range + RPM magic
file-5.46-10.fc44.src.rpm	Fedora Koji	https://kojipkgs.fedoraproject.org/packages/file/5.46/10.fc44/src/file-5.46-10.fc44.src.rpm	HTTP range + RPM magic
filelight-26.08.0-1.fc44.src.rpm	Fedora Koji	https://kojipkgs.fedoraproject.org/packages/filelight/26.08.0/1.fc44/src/filelight-26.08.0-1.fc44.src.rpm	HTTP range + RPM magic
filesystem-3.18-52.fc44.src.rpm	Fedora Koji	https://kojipkgs.fedoraproject.org/packages/filesystem/3.18/52.fc44/src/filesystem-3.18-52.fc44.src.rpm	HTTP range + RPM magic
findutils-4.10.0-7.fc44.src.rpm	Fedora Koji	https://kojipkgs.fedoraproject.org/packages/findutils/4.10.0/7.fc44/src/findutils-4.10.0-7.fc44.src.rpm	HTTP range + RPM magic
firefox-155.0-1.fc44.src.rpm	Fedora Koji	https://kojipkgs.fedoraproject.org/packages/firefox/155.0/1.fc44/src/firefox-155.0-1.fc44.src.rpm	HTTP range + RPM magic
firewalld-2.4.4-1.fc44.src.rpm	Fedora Koji	https://kojipkgs.fedoraproject.org/packages/firewalld/2.4.4/1.fc44/src/firewalld-2.4.4-1.fc44.src.rpm	HTTP range + RPM magic
flac-1.5.0-8.fc44.src.rpm	Fedora Koji	https://kojipkgs.fedoraproject.org/packages/flac/1.5.0/8.fc44/src/flac-1.5.0-8.fc44.src.rpm	HTTP range + RPM magic
flatpak-1.18.2-1.fc44.src.rpm	Fedora Koji	https://kojipkgs.fedoraproject.org/packages/flatpak/1.18.2/1.fc44/src/flatpak-1.18.2-1.fc44.src.rpm	HTTP range + RPM magic
flatpak-kcm-6.7.4-1.fc44.src.rpm	Fedora Koji	https://kojipkgs.fedoraproject.org/packages/flatpak-kcm/6.7.4/1.fc44/src/flatpak-kcm-6.7.4-1.fc44.src.rpm	HTTP range + RPM magic
flexiblas-3.5.0-2.fc44.src.rpm	Fedora Koji	https://kojipkgs.fedoraproject.org/packages/flexiblas/3.5.0/2.fc44/src/flexiblas-3.5.0-2.fc44.src.rpm	HTTP range + RPM magic
flite-2.2-13.fc44.src.rpm	Fedora Koji	https://kojipkgs.fedoraproject.org/packages/flite/2.2/13.fc44/src/flite-2.2-13.fc44.src.rpm	HTTP range + RPM magic
fmt-11.2.0-4.fc44.src.rpm	Fedora Koji	https://kojipkgs.fedoraproject.org/packages/fmt/11.2.0/4.fc44/src/fmt-11.2.0-4.fc44.src.rpm	HTTP range + RPM magic
fontconfig-2.17.0-4.fc44.src.rpm	Fedora Koji	https://kojipkgs.fedoraproject.org/packages/fontconfig/2.17.0/4.fc44/src/fontconfig-2.17.0-4.fc44.src.rpm	HTTP range + RPM magic
fonts-rpm-macros-5.0.0-2.fc44.src.rpm	Fedora Koji	https://kojipkgs.fedoraproject.org/packages/fonts-rpm-macros/5.0.0/2.fc44/src/fonts-rpm-macros-5.0.0-2.fc44.src.rpm	HTTP range + RPM magic
fprintd-1.94.5-5.fc44.src.rpm	Fedora Koji	https://kojipkgs.fedoraproject.org/packages/fprintd/1.94.5/5.fc44/src/fprintd-1.94.5-5.fc44.src.rpm	HTTP range + RPM magic
freecell-solver-6.16.0-2.fc44.src.rpm	Fedora Koji	https://kojipkgs.fedoraproject.org/packages/freecell-solver/6.16.0/2.fc44/src/freecell-solver-6.16.0-2.fc44.src.rpm	HTTP range + RPM magic
freerdp-3.31.1-1.fc44.src.rpm	Fedora Koji	https://kojipkgs.fedoraproject.org/packages/freerdp/3.31.1/1.fc44/src/freerdp-3.31.1-1.fc44.src.rpm	HTTP range + RPM magic
freetype-2.14.3-1.fc44.src.rpm	Fedora Koji	https://kojipkgs.fedoraproject.org/packages/freetype/2.14.3/1.fc44/src/freetype-2.14.3-1.fc44.src.rpm	HTTP range + RPM magic
fribidi-1.0.16-4.fc44.src.rpm	Fedora Koji	https://kojipkgs.fedoraproject.org/packages/fribidi/1.0.16/4.fc44/src/fribidi-1.0.16-4.fc44.src.rpm	HTTP range + RPM magic
fsverity-utils-1.6-4.fc44.src.rpm	Fedora Koji	https://kojipkgs.fedoraproject.org/packages/fsverity-utils/1.6/4.fc44/src/fsverity-utils-1.6-4.fc44.src.rpm	HTTP range + RPM magic
fuse-sshfs-3.7.6-1.fc44.src.rpm	Fedora Koji	https://kojipkgs.fedoraproject.org/packages/fuse-sshfs/3.7.6/1.fc44/src/fuse-sshfs-3.7.6-1.fc44.src.rpm	HTTP range + RPM magic
fuse3-3.18.2-1.fc44.src.rpm	Fedora Koji	https://kojipkgs.fedoraproject.org/packages/fuse3/3.18.2/1.fc44/src/fuse3-3.18.2-1.fc44.src.rpm	HTTP range + RPM magic
fwupd-2.1.7-1.fc44.src.rpm	Fedora Koji	https://kojipkgs.fedoraproject.org/packages/fwupd/2.1.7/1.fc44/src/fwupd-2.1.7-1.fc44.src.rpm	HTTP range + RPM magic
game-music-emu-0.6.4-3.fc44.src.rpm	Fedora Koji	https://kojipkgs.fedoraproject.org/packages/game-music-emu/0.6.4/3.fc44/src/game-music-emu-0.6.4-3.fc44.src.rpm	HTTP range + RPM magic
gamepadcalibration-0^2077e7a-20260506235222.fc44.src.rpm	Pocket DS COPR	https://download.copr.fedorainfracloud.org/results/linux4switch/pocketds/fedora-44-aarch64/10431171-gamepadcalibration/gamepadcalibration-0^2077e7a-20260506235222.fc44.src.rpm	HTTP range + RPM magic
gawk-5.3.2-3.fc44.src.rpm	Fedora Koji	https://kojipkgs.fedoraproject.org/packages/gawk/5.3.2/3.fc44/src/gawk-5.3.2-3.fc44.src.rpm	HTTP range + RPM magic
gcc-16.2.1-2.fc44.src.rpm	Fedora Koji	https://kojipkgs.fedoraproject.org/packages/gcc/16.2.1/2.fc44/src/gcc-16.2.1-2.fc44.src.rpm	HTTP range + RPM magic
gdb-17.2-2.fc44.src.rpm	Fedora Koji	https://kojipkgs.fedoraproject.org/packages/gdb/17.2/2.fc44/src/gdb-17.2-2.fc44.src.rpm	HTTP range + RPM magic
gdbm-1.23-11.fc44.src.rpm	Fedora Koji	https://kojipkgs.fedoraproject.org/packages/gdbm/1.23/11.fc44/src/gdbm-1.23-11.fc44.src.rpm	HTTP range + RPM magic
gdisk-1.0.10-5.fc44.src.rpm	Fedora Koji	https://kojipkgs.fedoraproject.org/packages/gdisk/1.0.10/5.fc44/src/gdisk-1.0.10-5.fc44.src.rpm	HTTP range + RPM magic
gdk-pixbuf2-2.44.6^really2.44.4-3.fc44.src.rpm	Fedora Koji	https://kojipkgs.fedoraproject.org/packages/gdk-pixbuf2/2.44.6^really2.44.4/3.fc44/src/gdk-pixbuf2-2.44.6^really2.44.4-3.fc44.src.rpm	HTTP range + RPM magic
geoclue2-2.8.2-1.fc44.src.rpm	Fedora Koji	https://kojipkgs.fedoraproject.org/packages/geoclue2/2.8.2/1.fc44/src/geoclue2-2.8.2-1.fc44.src.rpm	HTTP range + RPM magic
gflags-2.2.2-19.fc44.src.rpm	Fedora Koji	https://kojipkgs.fedoraproject.org/packages/gflags/2.2.2/19.fc44/src/gflags-2.2.2-19.fc44.src.rpm	HTTP range + RPM magic
ghostscript-10.06.0-2.fc44.src.rpm	Fedora Koji	https://kojipkgs.fedoraproject.org/packages/ghostscript/10.06.0/2.fc44/src/ghostscript-10.06.0-2.fc44.src.rpm	HTTP range + RPM magic
giflib-6.1.3-2.fc44.src.rpm	Fedora Koji	https://kojipkgs.fedoraproject.org/packages/giflib/6.1.3/2.fc44/src/giflib-6.1.3-2.fc44.src.rpm	HTTP range + RPM magic
git-2.55.0-1.fc44.src.rpm	Fedora Koji	https://kojipkgs.fedoraproject.org/packages/git/2.55.0/1.fc44/src/git-2.55.0-1.fc44.src.rpm	HTTP range + RPM magic
glib-networking-2.80.1-4.fc44.src.rpm	Fedora Koji	https://kojipkgs.fedoraproject.org/packages/glib-networking/2.80.1/4.fc44/src/glib-networking-2.80.1-4.fc44.src.rpm	HTTP range + RPM magic
glib2-2.88.3-1.fc44.src.rpm	Fedora Koji	https://kojipkgs.fedoraproject.org/packages/glib2/2.88.3/1.fc44/src/glib2-2.88.3-1.fc44.src.rpm	HTTP range + RPM magic
glibc-2.43-8.fc44.src.rpm	Fedora Koji	https://kojipkgs.fedoraproject.org/packages/glibc/2.43/8.fc44/src/glibc-2.43-8.fc44.src.rpm	HTTP range + RPM magic
glog-0.7.1-1.fc44.src.rpm	Fedora Koji	https://kojipkgs.fedoraproject.org/packages/glog/0.7.1/1.fc44/src/glog-0.7.1-1.fc44.src.rpm	HTTP range + RPM magic
glycin-2.1.5-1.fc44.src.rpm	Fedora Koji	https://kojipkgs.fedoraproject.org/packages/glycin/2.1.5/1.fc44/src/glycin-2.1.5-1.fc44.src.rpm	HTTP range + RPM magic
gmp-6.3.0-5.fc44.src.rpm	Fedora Koji	https://kojipkgs.fedoraproject.org/packages/gmp/6.3.0/5.fc44/src/gmp-6.3.0-5.fc44.src.rpm	HTTP range + RPM magic
gnome-abrt-1.4.3-9.fc44.src.rpm	Fedora Koji	https://kojipkgs.fedoraproject.org/packages/gnome-abrt/1.4.3/9.fc44/src/gnome-abrt-1.4.3-9.fc44.src.rpm	HTTP range + RPM magic
gnulib-l10n-20241231-2.fc44.src.rpm	Fedora Koji	https://kojipkgs.fedoraproject.org/packages/gnulib-l10n/20241231/2.fc44/src/gnulib-l10n-20241231-2.fc44.src.rpm	HTTP range + RPM magic
gnupg2-2.4.9-16.fc44.src.rpm	Fedora Koji	https://kojipkgs.fedoraproject.org/packages/gnupg2/2.4.9/16.fc44/src/gnupg2-2.4.9-16.fc44.src.rpm	HTTP range + RPM magic
gnutls-3.8.13-1.fc44.src.rpm	Fedora Koji	https://kojipkgs.fedoraproject.org/packages/gnutls/3.8.13/1.fc44/src/gnutls-3.8.13-1.fc44.src.rpm	HTTP range + RPM magic
go-l2tp-0.1.8-4.fc44.src.rpm	Fedora Koji	https://kojipkgs.fedoraproject.org/packages/go-l2tp/0.1.8/4.fc44/src/go-l2tp-0.1.8-4.fc44.src.rpm	HTTP range + RPM magic
gobject-introspection-1.86.0-3.fc44.src.rpm	Fedora Koji	https://kojipkgs.fedoraproject.org/packages/gobject-introspection/1.86.0/3.fc44/src/gobject-introspection-1.86.0-3.fc44.src.rpm	HTTP range + RPM magic
gocryptfs-2.6.1-5.fc44.src.rpm	Fedora Koji	https://kojipkgs.fedoraproject.org/packages/gocryptfs/2.6.1/5.fc44/src/gocryptfs-2.6.1-5.fc44.src.rpm	HTTP range + RPM magic
google-droid-fonts-20200215-24.fc44.src.rpm	Fedora Koji	https://kojipkgs.fedoraproject.org/packages/google-droid-fonts/20200215/24.fc44/src/google-droid-fonts-20200215-24.fc44.src.rpm	HTTP range + RPM magic
google-noto-emoji-fonts-20250623-4.fc44.src.rpm	Fedora Koji	https://kojipkgs.fedoraproject.org/packages/google-noto-emoji-fonts/20250623/4.fc44/src/google-noto-emoji-fonts-20250623-4.fc44.src.rpm	HTTP range + RPM magic
google-noto-fonts-20251201-2.fc44.src.rpm	Fedora Koji	https://kojipkgs.fedoraproject.org/packages/google-noto-fonts/20251201/2.fc44/src/google-noto-fonts-20251201-2.fc44.src.rpm	HTTP range + RPM magic
google-noto-sans-cjk-fonts-2.004-11.fc44.src.rpm	Fedora Koji	https://kojipkgs.fedoraproject.org/packages/google-noto-sans-cjk-fonts/2.004/11.fc44/src/google-noto-sans-cjk-fonts-2.004-11.fc44.src.rpm	HTTP range + RPM magic
gpgme-2.0.1-5.fc44.src.rpm	Fedora Koji	https://kojipkgs.fedoraproject.org/packages/gpgme/2.0.1/5.fc44/src/gpgme-2.0.1-5.fc44.src.rpm	HTTP range + RPM magic
gpm-1.20.7-53.fc44.src.rpm	Fedora Koji	https://kojipkgs.fedoraproject.org/packages/gpm/1.20.7/53.fc44/src/gpm-1.20.7-53.fc44.src.rpm	HTTP range + RPM magic
gpsd-3.27.5-5.fc44.src.rpm	Fedora Koji	https://kojipkgs.fedoraproject.org/packages/gpsd/3.27.5/5.fc44/src/gpsd-3.27.5-5.fc44.src.rpm	HTTP range + RPM magic
graphene-1.10.8-4.fc44.src.rpm	Fedora Koji	https://kojipkgs.fedoraproject.org/packages/graphene/1.10.8/4.fc44/src/graphene-1.10.8-4.fc44.src.rpm	HTTP range + RPM magic
graphite2-1.3.14-20.fc44.src.rpm	Fedora Koji	https://kojipkgs.fedoraproject.org/packages/graphite2/1.3.14/20.fc44/src/graphite2-1.3.14-20.fc44.src.rpm	HTTP range + RPM magic
grep-3.12-3.fc44.src.rpm	Fedora Koji	https://kojipkgs.fedoraproject.org/packages/grep/3.12/3.fc44/src/grep-3.12-3.fc44.src.rpm	HTTP range + RPM magic
gsettings-desktop-schemas-50.1-1.fc44.src.rpm	Fedora Koji	https://kojipkgs.fedoraproject.org/packages/gsettings-desktop-schemas/50.1/1.fc44/src/gsettings-desktop-schemas-50.1-1.fc44.src.rpm	HTTP range + RPM magic
gsm-1.0.24-2.fc44.src.rpm	Fedora Koji	https://kojipkgs.fedoraproject.org/packages/gsm/1.0.24/2.fc44/src/gsm-1.0.24-2.fc44.src.rpm	HTTP range + RPM magic
gssdp-1.6.6-1.fc44.src.rpm	Fedora Koji	https://kojipkgs.fedoraproject.org/packages/gssdp/1.6.6/1.fc44/src/gssdp-1.6.6-1.fc44.src.rpm	HTTP range + RPM magic
gstreamer1-1.28.6-1.fc44.src.rpm	Fedora Koji	https://kojipkgs.fedoraproject.org/packages/gstreamer1/1.28.6/1.fc44/src/gstreamer1-1.28.6-1.fc44.src.rpm	HTTP range + RPM magic
gstreamer1-plugins-bad-free-1.28.6-1.fc44.src.rpm	Fedora Koji	https://kojipkgs.fedoraproject.org/packages/gstreamer1-plugins-bad-free/1.28.6/1.fc44/src/gstreamer1-plugins-bad-free-1.28.6-1.fc44.src.rpm	HTTP range + RPM magic
gstreamer1-plugins-base-1.28.6-1.fc44.src.rpm	Fedora Koji	https://kojipkgs.fedoraproject.org/packages/gstreamer1-plugins-base/1.28.6/1.fc44/src/gstreamer1-plugins-base-1.28.6-1.fc44.src.rpm	HTTP range + RPM magic
gstreamer1-plugins-good-1.28.6-1.fc44.src.rpm	Fedora Koji	https://kojipkgs.fedoraproject.org/packages/gstreamer1-plugins-good/1.28.6/1.fc44/src/gstreamer1-plugins-good-1.28.6-1.fc44.src.rpm	HTTP range + RPM magic
gtk2-2.24.33-25.fc44.src.rpm	Fedora Koji	https://kojipkgs.fedoraproject.org/packages/gtk2/2.24.33/25.fc44/src/gtk2-2.24.33-25.fc44.src.rpm	HTTP range + RPM magic
gtk3-3.24.52-2.fc44.src.rpm	Fedora Koji	https://kojipkgs.fedoraproject.org/packages/gtk3/3.24.52/2.fc44/src/gtk3-3.24.52-2.fc44.src.rpm	HTTP range + RPM magic
gupnp-1.6.10-1.fc44.src.rpm	Fedora Koji	https://kojipkgs.fedoraproject.org/packages/gupnp/1.6.10/1.fc44/src/gupnp-1.6.10-1.fc44.src.rpm	HTTP range + RPM magic
gupnp-igd-1.6.0-8.fc44.src.rpm	Fedora Koji	https://kojipkgs.fedoraproject.org/packages/gupnp-igd/1.6.0/8.fc44/src/gupnp-igd-1.6.0-8.fc44.src.rpm	HTTP range + RPM magic
gzip-1.14-2.fc44.src.rpm	Fedora Koji	https://kojipkgs.fedoraproject.org/packages/gzip/1.14/2.fc44/src/gzip-1.14-2.fc44.src.rpm	HTTP range + RPM magic
harfbuzz-14.1.0-2.fc44.src.rpm	Fedora Koji	https://kojipkgs.fedoraproject.org/packages/harfbuzz/14.1.0/2.fc44/src/harfbuzz-14.1.0-2.fc44.src.rpm	HTTP range + RPM magic
hdparm-9.65-10.fc44.src.rpm	Fedora Koji	https://kojipkgs.fedoraproject.org/packages/hdparm/9.65/10.fc44/src/hdparm-9.65-10.fc44.src.rpm	HTTP range + RPM magic
hicolor-icon-theme-0.18-3.fc44.src.rpm	Fedora Koji	https://kojipkgs.fedoraproject.org/packages/hicolor-icon-theme/0.18/3.fc44/src/hicolor-icon-theme-0.18-3.fc44.src.rpm	HTTP range + RPM magic
hidapi-0.15.0-3.fc44.src.rpm	Fedora Koji	https://kojipkgs.fedoraproject.org/packages/hidapi/0.15.0/3.fc44/src/hidapi-0.15.0-3.fc44.src.rpm	HTTP range + RPM magic
highway-1.3.0-2.fc44.src.rpm	Fedora Koji	https://kojipkgs.fedoraproject.org/packages/highway/1.3.0/2.fc44/src/highway-1.3.0-2.fc44.src.rpm	HTTP range + RPM magic
hiredis-1.2.0-8.fc44.src.rpm	Fedora Koji	https://kojipkgs.fedoraproject.org/packages/hiredis/1.2.0/8.fc44/src/hiredis-1.2.0-8.fc44.src.rpm	HTTP range + RPM magic
hunspell-1.7.3-1.fc44.src.rpm	Fedora Koji	https://kojipkgs.fedoraproject.org/packages/hunspell/1.7.3/1.fc44/src/hunspell-1.7.3-1.fc44.src.rpm	HTTP range + RPM magic
hunspell-en-0.20260225-2.fc44.src.rpm	Fedora Koji	https://kojipkgs.fedoraproject.org/packages/hunspell-en/0.20260225/2.fc44/src/hunspell-en-0.20260225-2.fc44.src.rpm	HTTP range + RPM magic
hwdata-0.410-1.fc44.src.rpm	Fedora Koji	https://kojipkgs.fedoraproject.org/packages/hwdata/0.410/1.fc44/src/hwdata-0.410-1.fc44.src.rpm	HTTP range + RPM magic
i2c-tools-4.4-4.fc44.src.rpm	Fedora Koji	https://kojipkgs.fedoraproject.org/packages/i2c-tools/4.4/4.fc44/src/i2c-tools-4.4-4.fc44.src.rpm	HTTP range + RPM magic
ibus-1.5.34-4.fc44.src.rpm	Fedora Koji	https://kojipkgs.fedoraproject.org/packages/ibus/1.5.34/4.fc44/src/ibus-1.5.34-4.fc44.src.rpm	HTTP range + RPM magic
icu-77.1-3.fc44.src.rpm	Fedora Koji	https://kojipkgs.fedoraproject.org/packages/icu/77.1/3.fc44/src/icu-77.1-3.fc44.src.rpm	HTTP range + RPM magic
iio-sensor-proxy-3.8-2.fc44.src.rpm	Fedora Koji	https://kojipkgs.fedoraproject.org/packages/iio-sensor-proxy/3.8/2.fc44/src/iio-sensor-proxy-3.8-2.fc44.src.rpm	HTTP range + RPM magic
ilbc-3.0.4-19.fc44.src.rpm	Fedora Koji	https://kojipkgs.fedoraproject.org/packages/ilbc/3.0.4/19.fc44/src/ilbc-3.0.4-19.fc44.src.rpm	HTTP range + RPM magic
ima-evm-utils-1.6.2-8.fc44.src.rpm	Fedora Koji	https://kojipkgs.fedoraproject.org/packages/ima-evm-utils/1.6.2/8.fc44/src/ima-evm-utils-1.6.2-8.fc44.src.rpm	HTTP range + RPM magic
imath-3.1.12-6.fc44.src.rpm	Fedora Koji	https://kojipkgs.fedoraproject.org/packages/imath/3.1.12/6.fc44/src/imath-3.1.12-6.fc44.src.rpm	HTTP range + RPM magic
inih-62-2.fc44.src.rpm	Fedora Koji	https://kojipkgs.fedoraproject.org/packages/inih/62/2.fc44/src/inih-62-2.fc44.src.rpm	HTTP range + RPM magic
inputplumber-0.75.2-20260506235201.fc44.src.rpm	Pocket DS COPR	https://download.copr.fedorainfracloud.org/results/linux4switch/pocketds/fedora-44-aarch64/10431170-inputplumber/inputplumber-0.75.2-20260506235201.fc44.src.rpm	HTTP range + RPM magic
iproute-6.17.0-2.fc44.src.rpm	Fedora Koji	https://kojipkgs.fedoraproject.org/packages/iproute/6.17.0/2.fc44/src/iproute-6.17.0-2.fc44.src.rpm	HTTP range + RPM magic
iptables-1.8.11-13.fc44.src.rpm	Fedora Koji	https://kojipkgs.fedoraproject.org/packages/iptables/1.8.11/13.fc44/src/iptables-1.8.11-13.fc44.src.rpm	HTTP range + RPM magic
iso-codes-4.20.1-3.fc44.src.rpm	Fedora Koji	https://kojipkgs.fedoraproject.org/packages/iso-codes/4.20.1/3.fc44/src/iso-codes-4.20.1-3.fc44.src.rpm	HTTP range + RPM magic
iw-6.17-2.fc44.src.rpm	Fedora Koji	https://kojipkgs.fedoraproject.org/packages/iw/6.17/2.fc44/src/iw-6.17-2.fc44.src.rpm	HTTP range + RPM magic
iwd-3.12-1.fc44.src.rpm	Fedora Koji	https://kojipkgs.fedoraproject.org/packages/iwd/3.12/1.fc44/src/iwd-3.12-1.fc44.src.rpm	HTTP range + RPM magic
jansson-2.14-4.fc44.src.rpm	Fedora Koji	https://kojipkgs.fedoraproject.org/packages/jansson/2.14/4.fc44/src/jansson-2.14-4.fc44.src.rpm	HTTP range + RPM magic
jasper-4.2.8-2.fc44.src.rpm	Fedora Koji	https://kojipkgs.fedoraproject.org/packages/jasper/4.2.8/2.fc44/src/jasper-4.2.8-2.fc44.src.rpm	HTTP range + RPM magic
jbig2dec-0.20-8.fc44.src.rpm	Fedora Koji	https://kojipkgs.fedoraproject.org/packages/jbig2dec/0.20/8.fc44/src/jbig2dec-0.20-8.fc44.src.rpm	HTTP range + RPM magic
jbigkit-2.1-33.fc44.src.rpm	Fedora Koji	https://kojipkgs.fedoraproject.org/packages/jbigkit/2.1/33.fc44/src/jbigkit-2.1-33.fc44.src.rpm	HTTP range + RPM magic
jpegxl-0.11.2-1.fc44.src.rpm	Fedora Koji	https://kojipkgs.fedoraproject.org/packages/jpegxl/0.11.2/1.fc44/src/jpegxl-0.11.2-1.fc44.src.rpm	HTTP range + RPM magic
jq-1.8.1-3.fc44.src.rpm	Fedora Koji	https://kojipkgs.fedoraproject.org/packages/jq/1.8.1/3.fc44/src/jq-1.8.1-3.fc44.src.rpm	HTTP range + RPM magic
json-c-0.18-8.fc44.src.rpm	Fedora Koji	https://kojipkgs.fedoraproject.org/packages/json-c/0.18/8.fc44/src/json-c-0.18-8.fc44.src.rpm	HTTP range + RPM magic
json-glib-1.10.8-5.fc44.src.rpm	Fedora Koji	https://kojipkgs.fedoraproject.org/packages/json-glib/1.10.8/5.fc44/src/json-glib-1.10.8-5.fc44.src.rpm	HTTP range + RPM magic
jsoncpp-1.9.6-3.fc44.src.rpm	Fedora Koji	https://kojipkgs.fedoraproject.org/packages/jsoncpp/1.9.6/3.fc44/src/jsoncpp-1.9.6-3.fc44.src.rpm	HTTP range + RPM magic
kaccounts-integration-26.08.0-1.fc44.src.rpm	Fedora Koji	https://kojipkgs.fedoraproject.org/packages/kaccounts-integration/26.08.0/1.fc44/src/kaccounts-integration-26.08.0-1.fc44.src.rpm	HTTP range + RPM magic
kaccounts-providers-26.08.0-1.fc44.src.rpm	Fedora Koji	https://kojipkgs.fedoraproject.org/packages/kaccounts-providers/26.08.0/1.fc44/src/kaccounts-providers-26.08.0-1.fc44.src.rpm	HTTP range + RPM magic
kactivitymanagerd-6.7.4-1.fc44.src.rpm	Fedora Koji	https://kojipkgs.fedoraproject.org/packages/kactivitymanagerd/6.7.4/1.fc44/src/kactivitymanagerd-6.7.4-1.fc44.src.rpm	HTTP range + RPM magic
kate-26.08.0-1.fc44.src.rpm	Fedora Koji	https://kojipkgs.fedoraproject.org/packages/kate/26.08.0/1.fc44/src/kate-26.08.0-1.fc44.src.rpm	HTTP range + RPM magic
kbd-2.9.0-4.fc44.src.rpm	Fedora Koji	https://kojipkgs.fedoraproject.org/packages/kbd/2.9.0/4.fc44/src/kbd-2.9.0-4.fc44.src.rpm	HTTP range + RPM magic
kcalc-26.08.0-1.fc44.src.rpm	Fedora Koji	https://kojipkgs.fedoraproject.org/packages/kcalc/26.08.0/1.fc44/src/kcalc-26.08.0-1.fc44.src.rpm	HTTP range + RPM magic
kcharselect-26.08.0-1.fc44.src.rpm	Fedora Koji	https://kojipkgs.fedoraproject.org/packages/kcharselect/26.08.0/1.fc44/src/kcharselect-26.08.0-1.fc44.src.rpm	HTTP range + RPM magic
kde-cli-tools-6.7.4-1.fc44.src.rpm	Fedora Koji	https://kojipkgs.fedoraproject.org/packages/kde-cli-tools/6.7.4/1.fc44/src/kde-cli-tools-6.7.4-1.fc44.src.rpm	HTTP range + RPM magic
kde-connect-26.08.0-1.fc44.src.rpm	Fedora Koji	https://kojipkgs.fedoraproject.org/packages/kde-connect/26.08.0/1.fc44/src/kde-connect-26.08.0-1.fc44.src.rpm	HTTP range + RPM magic
kde-filesystem-5-7.fc44.src.rpm	Fedora Koji	https://kojipkgs.fedoraproject.org/packages/kde-filesystem/5/7.fc44/src/kde-filesystem-5-7.fc44.src.rpm	HTTP range + RPM magic
kde-gtk-config-6.7.4-1.fc44.src.rpm	Fedora Koji	https://kojipkgs.fedoraproject.org/packages/kde-gtk-config/6.7.4/1.fc44/src/kde-gtk-config-6.7.4-1.fc44.src.rpm	HTTP range + RPM magic
kde-inotify-survey-26.08.0-1.fc44.src.rpm	Fedora Koji	https://kojipkgs.fedoraproject.org/packages/kde-inotify-survey/26.08.0/1.fc44/src/kde-inotify-survey-26.08.0-1.fc44.src.rpm	HTTP range + RPM magic
kde-partitionmanager-26.08.0-1.fc44.src.rpm	Fedora Koji	https://kojipkgs.fedoraproject.org/packages/kde-partitionmanager/26.08.0/1.fc44/src/kde-partitionmanager-26.08.0-1.fc44.src.rpm	HTTP range + RPM magic
kde-settings-44.0-1.fc44.src.rpm	Fedora Koji	https://kojipkgs.fedoraproject.org/packages/kde-settings/44.0/1.fc44/src/kde-settings-44.0-1.fc44.src.rpm	HTTP range + RPM magic
kdebugsettings-26.08.0-1.fc44.src.rpm	Fedora Koji	https://kojipkgs.fedoraproject.org/packages/kdebugsettings/26.08.0/1.fc44/src/kdebugsettings-26.08.0-1.fc44.src.rpm	HTTP range + RPM magic
kdecoration-6.7.4-1.fc44.src.rpm	Fedora Koji	https://kojipkgs.fedoraproject.org/packages/kdecoration/6.7.4/1.fc44/src/kdecoration-6.7.4-1.fc44.src.rpm	HTTP range + RPM magic
kdegraphics-mobipocket-26.08.0-1.fc44.src.rpm	Fedora Koji	https://kojipkgs.fedoraproject.org/packages/kdegraphics-mobipocket/26.08.0/1.fc44/src/kdegraphics-mobipocket-26.08.0-1.fc44.src.rpm	HTTP range + RPM magic
kdegraphics-thumbnailers-26.08.0-1.fc44.src.rpm	Fedora Koji	https://kojipkgs.fedoraproject.org/packages/kdegraphics-thumbnailers/26.08.0/1.fc44/src/kdegraphics-thumbnailers-26.08.0-1.fc44.src.rpm	HTTP range + RPM magic
kdenetwork-filesharing-26.08.0-1.fc44.src.rpm	Fedora Koji	https://kojipkgs.fedoraproject.org/packages/kdenetwork-filesharing/26.08.0/1.fc44/src/kdenetwork-filesharing-26.08.0-1.fc44.src.rpm	HTTP range + RPM magic
kdeplasma-addons-6.7.4-2.fc44.src.rpm	Fedora Koji	https://kojipkgs.fedoraproject.org/packages/kdeplasma-addons/6.7.4/2.fc44/src/kdeplasma-addons-6.7.4-2.fc44.src.rpm	HTTP range + RPM magic
kdialog-26.08.0-1.fc44.src.rpm	Fedora Koji	https://kojipkgs.fedoraproject.org/packages/kdialog/26.08.0/1.fc44/src/kdialog-26.08.0-1.fc44.src.rpm	HTTP range + RPM magic
kdnssd-26.08.0-1.fc44.src.rpm	Fedora Koji	https://kojipkgs.fedoraproject.org/packages/kdnssd/26.08.0/1.fc44/src/kdnssd-26.08.0-1.fc44.src.rpm	HTTP range + RPM magic
kdsoap-2.2.0-9.fc44.src.rpm	Fedora Koji	https://kojipkgs.fedoraproject.org/packages/kdsoap/2.2.0/9.fc44/src/kdsoap-2.2.0-9.fc44.src.rpm	HTTP range + RPM magic
kdsoap-ws-discovery-client-0.4.0-6.fc44.src.rpm	Fedora Koji	https://kojipkgs.fedoraproject.org/packages/kdsoap-ws-discovery-client/0.4.0/6.fc44/src/kdsoap-ws-discovery-client-0.4.0-6.fc44.src.rpm	HTTP range + RPM magic
keditbookmarks-26.08.0-1.fc44.src.rpm	Fedora Koji	https://kojipkgs.fedoraproject.org/packages/keditbookmarks/26.08.0/1.fc44/src/keditbookmarks-26.08.0-1.fc44.src.rpm	HTTP range + RPM magic
kernel-7.1.0-100.20260730172655.pocketds.fc44.src.rpm	Pocket DS COPR	https://download.copr.fedorainfracloud.org/results/linux4switch/pocketds/fedora-44-aarch64/10794847-kernel/kernel-7.1.0-100.20260730172655.pocketds.fc44.src.rpm	HTTP range + RPM magic
kexec-tools-2.0.32-3.fc44.src.rpm	Fedora Koji	https://kojipkgs.fedoraproject.org/packages/kexec-tools/2.0.32/3.fc44/src/kexec-tools-2.0.32-3.fc44.src.rpm	HTTP range + RPM magic
keyutils-1.6.3-7.fc44.src.rpm	Fedora Koji	https://kojipkgs.fedoraproject.org/packages/keyutils/1.6.3/7.fc44/src/keyutils-1.6.3-7.fc44.src.rpm	HTTP range + RPM magic
kf6-6.29.0-1.fc44.src.rpm	Fedora Koji	https://kojipkgs.fedoraproject.org/packages/kf6/6.29.0/1.fc44/src/kf6-6.29.0-1.fc44.src.rpm	HTTP range + RPM magic
kf6-attica-6.29.0-1.fc44.src.rpm	Fedora Koji	https://kojipkgs.fedoraproject.org/packages/kf6-attica/6.29.0/1.fc44/src/kf6-attica-6.29.0-1.fc44.src.rpm	HTTP range + RPM magic
kf6-baloo-6.29.0-1.fc44.src.rpm	Fedora Koji	https://kojipkgs.fedoraproject.org/packages/kf6-baloo/6.29.0/1.fc44/src/kf6-baloo-6.29.0-1.fc44.src.rpm	HTTP range + RPM magic
kf6-bluez-qt-6.29.0-1.fc44.src.rpm	Fedora Koji	https://kojipkgs.fedoraproject.org/packages/kf6-bluez-qt/6.29.0/1.fc44/src/kf6-bluez-qt-6.29.0-1.fc44.src.rpm	HTTP range + RPM magic
kf6-breeze-icons-6.29.0-1.fc44.src.rpm	Fedora Koji	https://kojipkgs.fedoraproject.org/packages/kf6-breeze-icons/6.29.0/1.fc44/src/kf6-breeze-icons-6.29.0-1.fc44.src.rpm	HTTP range + RPM magic
kf6-frameworkintegration-6.29.0-1.fc44.src.rpm	Fedora Koji	https://kojipkgs.fedoraproject.org/packages/kf6-frameworkintegration/6.29.0/1.fc44/src/kf6-frameworkintegration-6.29.0-1.fc44.src.rpm	HTTP range + RPM magic
kf6-karchive-6.29.0-1.fc44.src.rpm	Fedora Koji	https://kojipkgs.fedoraproject.org/packages/kf6-karchive/6.29.0/1.fc44/src/kf6-karchive-6.29.0-1.fc44.src.rpm	HTTP range + RPM magic
kf6-kauth-6.29.0-1.fc44.src.rpm	Fedora Koji	https://kojipkgs.fedoraproject.org/packages/kf6-kauth/6.29.0/1.fc44/src/kf6-kauth-6.29.0-1.fc44.src.rpm	HTTP range + RPM magic
kf6-kbookmarks-6.29.0-1.fc44.src.rpm	Fedora Koji	https://kojipkgs.fedoraproject.org/packages/kf6-kbookmarks/6.29.0/1.fc44/src/kf6-kbookmarks-6.29.0-1.fc44.src.rpm	HTTP range + RPM magic
kf6-kcalendarcore-6.29.0-1.fc44.src.rpm	Fedora Koji	https://kojipkgs.fedoraproject.org/packages/kf6-kcalendarcore/6.29.0/1.fc44/src/kf6-kcalendarcore-6.29.0-1.fc44.src.rpm	HTTP range + RPM magic
kf6-kcmutils-6.29.0-1.fc44.src.rpm	Fedora Koji	https://kojipkgs.fedoraproject.org/packages/kf6-kcmutils/6.29.0/1.fc44/src/kf6-kcmutils-6.29.0-1.fc44.src.rpm	HTTP range + RPM magic
kf6-kcodecs-6.29.0-1.fc44.src.rpm	Fedora Koji	https://kojipkgs.fedoraproject.org/packages/kf6-kcodecs/6.29.0/1.fc44/src/kf6-kcodecs-6.29.0-1.fc44.src.rpm	HTTP range + RPM magic
kf6-kcolorscheme-6.29.0-1.fc44.src.rpm	Fedora Koji	https://kojipkgs.fedoraproject.org/packages/kf6-kcolorscheme/6.29.0/1.fc44/src/kf6-kcolorscheme-6.29.0-1.fc44.src.rpm	HTTP range + RPM magic
kf6-kcompletion-6.29.0-1.fc44.src.rpm	Fedora Koji	https://kojipkgs.fedoraproject.org/packages/kf6-kcompletion/6.29.0/1.fc44/src/kf6-kcompletion-6.29.0-1.fc44.src.rpm	HTTP range + RPM magic
kf6-kconfig-6.29.0-1.fc44.src.rpm	Fedora Koji	https://kojipkgs.fedoraproject.org/packages/kf6-kconfig/6.29.0/1.fc44/src/kf6-kconfig-6.29.0-1.fc44.src.rpm	HTTP range + RPM magic
kf6-kconfigwidgets-6.29.0-1.fc44.src.rpm	Fedora Koji	https://kojipkgs.fedoraproject.org/packages/kf6-kconfigwidgets/6.29.0/1.fc44/src/kf6-kconfigwidgets-6.29.0-1.fc44.src.rpm	HTTP range + RPM magic
kf6-kcontacts-6.29.0-1.fc44.src.rpm	Fedora Koji	https://kojipkgs.fedoraproject.org/packages/kf6-kcontacts/6.29.0/1.fc44/src/kf6-kcontacts-6.29.0-1.fc44.src.rpm	HTTP range + RPM magic
kf6-kcoreaddons-6.29.0-1.fc44.src.rpm	Fedora Koji	https://kojipkgs.fedoraproject.org/packages/kf6-kcoreaddons/6.29.0/1.fc44/src/kf6-kcoreaddons-6.29.0-1.fc44.src.rpm	HTTP range + RPM magic
kf6-kcrash-6.29.0-1.fc44.src.rpm	Fedora Koji	https://kojipkgs.fedoraproject.org/packages/kf6-kcrash/6.29.0/1.fc44/src/kf6-kcrash-6.29.0-1.fc44.src.rpm	HTTP range + RPM magic
kf6-kdbusaddons-6.29.0-1.fc44.src.rpm	Fedora Koji	https://kojipkgs.fedoraproject.org/packages/kf6-kdbusaddons/6.29.0/1.fc44/src/kf6-kdbusaddons-6.29.0-1.fc44.src.rpm	HTTP range + RPM magic
kf6-kdeclarative-6.29.0-1.fc44.src.rpm	Fedora Koji	https://kojipkgs.fedoraproject.org/packages/kf6-kdeclarative/6.29.0/1.fc44/src/kf6-kdeclarative-6.29.0-1.fc44.src.rpm	HTTP range + RPM magic
kf6-kded-6.29.0-1.fc44.src.rpm	Fedora Koji	https://kojipkgs.fedoraproject.org/packages/kf6-kded/6.29.0/1.fc44/src/kf6-kded-6.29.0-1.fc44.src.rpm	HTTP range + RPM magic
kf6-kdesu-6.29.0-1.fc44.src.rpm	Fedora Koji	https://kojipkgs.fedoraproject.org/packages/kf6-kdesu/6.29.0/1.fc44/src/kf6-kdesu-6.29.0-1.fc44.src.rpm	HTTP range + RPM magic
kf6-kdnssd-6.29.0-1.fc44.src.rpm	Fedora Koji	https://kojipkgs.fedoraproject.org/packages/kf6-kdnssd/6.29.0/1.fc44/src/kf6-kdnssd-6.29.0-1.fc44.src.rpm	HTTP range + RPM magic
kf6-kdoctools-6.29.0-1.fc44.src.rpm	Fedora Koji	https://kojipkgs.fedoraproject.org/packages/kf6-kdoctools/6.29.0/1.fc44/src/kf6-kdoctools-6.29.0-1.fc44.src.rpm	HTTP range + RPM magic
kf6-kfilemetadata-6.29.0-1.fc44.src.rpm	Fedora Koji	https://kojipkgs.fedoraproject.org/packages/kf6-kfilemetadata/6.29.0/1.fc44/src/kf6-kfilemetadata-6.29.0-1.fc44.src.rpm	HTTP range + RPM magic
kf6-kglobalaccel-6.29.0-1.fc44.src.rpm	Fedora Koji	https://kojipkgs.fedoraproject.org/packages/kf6-kglobalaccel/6.29.0/1.fc44/src/kf6-kglobalaccel-6.29.0-1.fc44.src.rpm	HTTP range + RPM magic
kf6-kguiaddons-6.29.0-1.fc44.src.rpm	Fedora Koji	https://kojipkgs.fedoraproject.org/packages/kf6-kguiaddons/6.29.0/1.fc44/src/kf6-kguiaddons-6.29.0-1.fc44.src.rpm	HTTP range + RPM magic
kf6-kholidays-6.29.0-1.fc44.src.rpm	Fedora Koji	https://kojipkgs.fedoraproject.org/packages/kf6-kholidays/6.29.0/1.fc44/src/kf6-kholidays-6.29.0-1.fc44.src.rpm	HTTP range + RPM magic
kf6-ki18n-6.29.0-1.fc44.src.rpm	Fedora Koji	https://kojipkgs.fedoraproject.org/packages/kf6-ki18n/6.29.0/1.fc44/src/kf6-ki18n-6.29.0-1.fc44.src.rpm	HTTP range + RPM magic
kf6-kiconthemes-6.29.0-1.fc44.src.rpm	Fedora Koji	https://kojipkgs.fedoraproject.org/packages/kf6-kiconthemes/6.29.0/1.fc44/src/kf6-kiconthemes-6.29.0-1.fc44.src.rpm	HTTP range + RPM magic
kf6-kidletime-6.29.0-1.fc44.src.rpm	Fedora Koji	https://kojipkgs.fedoraproject.org/packages/kf6-kidletime/6.29.0/1.fc44/src/kf6-kidletime-6.29.0-1.fc44.src.rpm	HTTP range + RPM magic
kf6-kimageformats-6.29.0-1.fc44.src.rpm	Fedora Koji	https://kojipkgs.fedoraproject.org/packages/kf6-kimageformats/6.29.0/1.fc44/src/kf6-kimageformats-6.29.0-1.fc44.src.rpm	HTTP range + RPM magic
kf6-kio-6.29.0-1.fc44.src.rpm	Fedora Koji	https://kojipkgs.fedoraproject.org/packages/kf6-kio/6.29.0/1.fc44/src/kf6-kio-6.29.0-1.fc44.src.rpm	HTTP range + RPM magic
kf6-kirigami-6.29.0-1.fc44.src.rpm	Fedora Koji	https://kojipkgs.fedoraproject.org/packages/kf6-kirigami/6.29.0/1.fc44/src/kf6-kirigami-6.29.0-1.fc44.src.rpm	HTTP range + RPM magic
kf6-kirigami-addons-1.13.1-1.fc44.src.rpm	Fedora Koji	https://kojipkgs.fedoraproject.org/packages/kf6-kirigami-addons/1.13.1/1.fc44/src/kf6-kirigami-addons-1.13.1-1.fc44.src.rpm	HTTP range + RPM magic
kf6-kitemmodels-6.29.0-1.fc44.src.rpm	Fedora Koji	https://kojipkgs.fedoraproject.org/packages/kf6-kitemmodels/6.29.0/1.fc44/src/kf6-kitemmodels-6.29.0-1.fc44.src.rpm	HTTP range + RPM magic
kf6-kitemviews-6.29.0-1.fc44.src.rpm	Fedora Koji	https://kojipkgs.fedoraproject.org/packages/kf6-kitemviews/6.29.0/1.fc44/src/kf6-kitemviews-6.29.0-1.fc44.src.rpm	HTTP range + RPM magic
kf6-kjobwidgets-6.29.0-1.fc44.src.rpm	Fedora Koji	https://kojipkgs.fedoraproject.org/packages/kf6-kjobwidgets/6.29.0/1.fc44/src/kf6-kjobwidgets-6.29.0-1.fc44.src.rpm	HTTP range + RPM magic
kf6-knewstuff-6.29.0-1.fc44.src.rpm	Fedora Koji	https://kojipkgs.fedoraproject.org/packages/kf6-knewstuff/6.29.0/1.fc44/src/kf6-knewstuff-6.29.0-1.fc44.src.rpm	HTTP range + RPM magic
kf6-knotifications-6.29.0-1.fc44.src.rpm	Fedora Koji	https://kojipkgs.fedoraproject.org/packages/kf6-knotifications/6.29.0/1.fc44/src/kf6-knotifications-6.29.0-1.fc44.src.rpm	HTTP range + RPM magic
kf6-knotifyconfig-6.29.0-1.fc44.src.rpm	Fedora Koji	https://kojipkgs.fedoraproject.org/packages/kf6-knotifyconfig/6.29.0/1.fc44/src/kf6-knotifyconfig-6.29.0-1.fc44.src.rpm	HTTP range + RPM magic
kf6-kpackage-6.29.0-1.fc44.src.rpm	Fedora Koji	https://kojipkgs.fedoraproject.org/packages/kf6-kpackage/6.29.0/1.fc44/src/kf6-kpackage-6.29.0-1.fc44.src.rpm	HTTP range + RPM magic
kf6-kparts-6.29.0-1.fc44.src.rpm	Fedora Koji	https://kojipkgs.fedoraproject.org/packages/kf6-kparts/6.29.0/1.fc44/src/kf6-kparts-6.29.0-1.fc44.src.rpm	HTTP range + RPM magic
kf6-kpeople-6.29.0-1.fc44.src.rpm	Fedora Koji	https://kojipkgs.fedoraproject.org/packages/kf6-kpeople/6.29.0/1.fc44/src/kf6-kpeople-6.29.0-1.fc44.src.rpm	HTTP range + RPM magic
kf6-kplotting-6.29.0-1.fc44.src.rpm	Fedora Koji	https://kojipkgs.fedoraproject.org/packages/kf6-kplotting/6.29.0/1.fc44/src/kf6-kplotting-6.29.0-1.fc44.src.rpm	HTTP range + RPM magic
kf6-kpty-6.29.0-1.fc44.src.rpm	Fedora Koji	https://kojipkgs.fedoraproject.org/packages/kf6-kpty/6.29.0/1.fc44/src/kf6-kpty-6.29.0-1.fc44.src.rpm	HTTP range + RPM magic
kf6-kquickcharts-6.29.0-1.fc44.src.rpm	Fedora Koji	https://kojipkgs.fedoraproject.org/packages/kf6-kquickcharts/6.29.0/1.fc44/src/kf6-kquickcharts-6.29.0-1.fc44.src.rpm	HTTP range + RPM magic
kf6-krunner-6.29.0-1.fc44.src.rpm	Fedora Koji	https://kojipkgs.fedoraproject.org/packages/kf6-krunner/6.29.0/1.fc44/src/kf6-krunner-6.29.0-1.fc44.src.rpm	HTTP range + RPM magic
kf6-kservice-6.29.0-1.fc44.src.rpm	Fedora Koji	https://kojipkgs.fedoraproject.org/packages/kf6-kservice/6.29.0/1.fc44/src/kf6-kservice-6.29.0-1.fc44.src.rpm	HTTP range + RPM magic
kf6-kstatusnotifieritem-6.29.0-1.fc44.src.rpm	Fedora Koji	https://kojipkgs.fedoraproject.org/packages/kf6-kstatusnotifieritem/6.29.0/1.fc44/src/kf6-kstatusnotifieritem-6.29.0-1.fc44.src.rpm	HTTP range + RPM magic
kf6-ksvg-6.29.0-1.fc44.src.rpm	Fedora Koji	https://kojipkgs.fedoraproject.org/packages/kf6-ksvg/6.29.0/1.fc44/src/kf6-ksvg-6.29.0-1.fc44.src.rpm	HTTP range + RPM magic
kf6-ktexteditor-6.29.0-1.fc44.src.rpm	Fedora Koji	https://kojipkgs.fedoraproject.org/packages/kf6-ktexteditor/6.29.0/1.fc44/src/kf6-ktexteditor-6.29.0-1.fc44.src.rpm	HTTP range + RPM magic
kf6-ktexttemplate-6.29.0-1.fc44.src.rpm	Fedora Koji	https://kojipkgs.fedoraproject.org/packages/kf6-ktexttemplate/6.29.0/1.fc44/src/kf6-ktexttemplate-6.29.0-1.fc44.src.rpm	HTTP range + RPM magic
kf6-ktextwidgets-6.29.0-1.fc44.src.rpm	Fedora Koji	https://kojipkgs.fedoraproject.org/packages/kf6-ktextwidgets/6.29.0/1.fc44/src/kf6-ktextwidgets-6.29.0-1.fc44.src.rpm	HTTP range + RPM magic
kf6-kunitconversion-6.29.0-1.fc44.src.rpm	Fedora Koji	https://kojipkgs.fedoraproject.org/packages/kf6-kunitconversion/6.29.0/1.fc44/src/kf6-kunitconversion-6.29.0-1.fc44.src.rpm	HTTP range + RPM magic
kf6-kuserfeedback-6.29.0-1.fc44.src.rpm	Fedora Koji	https://kojipkgs.fedoraproject.org/packages/kf6-kuserfeedback/6.29.0/1.fc44/src/kf6-kuserfeedback-6.29.0-1.fc44.src.rpm	HTTP range + RPM magic
kf6-kwallet-6.29.0-1.fc44.src.rpm	Fedora Koji	https://kojipkgs.fedoraproject.org/packages/kf6-kwallet/6.29.0/1.fc44/src/kf6-kwallet-6.29.0-1.fc44.src.rpm	HTTP range + RPM magic
kf6-kwidgetsaddons-6.29.0-1.fc44.src.rpm	Fedora Koji	https://kojipkgs.fedoraproject.org/packages/kf6-kwidgetsaddons/6.29.0/1.fc44/src/kf6-kwidgetsaddons-6.29.0-1.fc44.src.rpm	HTTP range + RPM magic
kf6-kwindowsystem-6.29.0-1.fc44.src.rpm	Fedora Koji	https://kojipkgs.fedoraproject.org/packages/kf6-kwindowsystem/6.29.0/1.fc44/src/kf6-kwindowsystem-6.29.0-1.fc44.src.rpm	HTTP range + RPM magic
kf6-kxmlgui-6.29.0-1.fc44.src.rpm	Fedora Koji	https://kojipkgs.fedoraproject.org/packages/kf6-kxmlgui/6.29.0/1.fc44/src/kf6-kxmlgui-6.29.0-1.fc44.src.rpm	HTTP range + RPM magic
kf6-modemmanager-qt-6.29.0-1.fc44.src.rpm	Fedora Koji	https://kojipkgs.fedoraproject.org/packages/kf6-modemmanager-qt/6.29.0/1.fc44/src/kf6-modemmanager-qt-6.29.0-1.fc44.src.rpm	HTTP range + RPM magic
kf6-networkmanager-qt-6.29.0-1.fc44.src.rpm	Fedora Koji	https://kojipkgs.fedoraproject.org/packages/kf6-networkmanager-qt/6.29.0/1.fc44/src/kf6-networkmanager-qt-6.29.0-1.fc44.src.rpm	HTTP range + RPM magic
kf6-prison-6.29.0-1.fc44.src.rpm	Fedora Koji	https://kojipkgs.fedoraproject.org/packages/kf6-prison/6.29.0/1.fc44/src/kf6-prison-6.29.0-1.fc44.src.rpm	HTTP range + RPM magic
kf6-purpose-6.29.0-1.fc44.src.rpm	Fedora Koji	https://kojipkgs.fedoraproject.org/packages/kf6-purpose/6.29.0/1.fc44/src/kf6-purpose-6.29.0-1.fc44.src.rpm	HTTP range + RPM magic
kf6-qqc2-desktop-style-6.29.0-1.fc44.src.rpm	Fedora Koji	https://kojipkgs.fedoraproject.org/packages/kf6-qqc2-desktop-style/6.29.0/1.fc44/src/kf6-qqc2-desktop-style-6.29.0-1.fc44.src.rpm	HTTP range + RPM magic
kf6-solid-6.29.0-1.fc44.src.rpm	Fedora Koji	https://kojipkgs.fedoraproject.org/packages/kf6-solid/6.29.0/1.fc44/src/kf6-solid-6.29.0-1.fc44.src.rpm	HTTP range + RPM magic
kf6-sonnet-6.29.0-1.fc44.src.rpm	Fedora Koji	https://kojipkgs.fedoraproject.org/packages/kf6-sonnet/6.29.0/1.fc44/src/kf6-sonnet-6.29.0-1.fc44.src.rpm	HTTP range + RPM magic
kf6-syndication-6.29.0-1.fc44.src.rpm	Fedora Koji	https://kojipkgs.fedoraproject.org/packages/kf6-syndication/6.29.0/1.fc44/src/kf6-syndication-6.29.0-1.fc44.src.rpm	HTTP range + RPM magic
kf6-syntax-highlighting-6.29.0-1.fc44.src.rpm	Fedora Koji	https://kojipkgs.fedoraproject.org/packages/kf6-syntax-highlighting/6.29.0/1.fc44/src/kf6-syntax-highlighting-6.29.0-1.fc44.src.rpm	HTTP range + RPM magic
kf6-threadweaver-6.29.0-1.fc44.src.rpm	Fedora Koji	https://kojipkgs.fedoraproject.org/packages/kf6-threadweaver/6.29.0/1.fc44/src/kf6-threadweaver-6.29.0-1.fc44.src.rpm	HTTP range + RPM magic
kfind-26.08.0-1.fc44.src.rpm	Fedora Koji	https://kojipkgs.fedoraproject.org/packages/kfind/26.08.0/1.fc44/src/kfind-26.08.0-1.fc44.src.rpm	HTTP range + RPM magic
kglobalacceld-6.7.4-1.fc44.src.rpm	Fedora Koji	https://kojipkgs.fedoraproject.org/packages/kglobalacceld/6.7.4/1.fc44/src/kglobalacceld-6.7.4-1.fc44.src.rpm	HTTP range + RPM magic
khelpcenter-26.08.0-1.fc44.src.rpm	Fedora Koji	https://kojipkgs.fedoraproject.org/packages/khelpcenter/26.08.0/1.fc44/src/khelpcenter-26.08.0-1.fc44.src.rpm	HTTP range + RPM magic
kinfocenter-6.7.4-1.fc44.src.rpm	Fedora Koji	https://kojipkgs.fedoraproject.org/packages/kinfocenter/6.7.4/1.fc44/src/kinfocenter-6.7.4-1.fc44.src.rpm	HTTP range + RPM magic
kio-admin-26.08.0-1.fc44.src.rpm	Fedora Koji	https://kojipkgs.fedoraproject.org/packages/kio-admin/26.08.0/1.fc44/src/kio-admin-26.08.0-1.fc44.src.rpm	HTTP range + RPM magic
kio-extras-26.08.0-1.fc44.src.rpm	Fedora Koji	https://kojipkgs.fedoraproject.org/packages/kio-extras/26.08.0/1.fc44/src/kio-extras-26.08.0-1.fc44.src.rpm	HTTP range + RPM magic
kio-fuse-5.1.1-3.fc44.src.rpm	Fedora Koji	https://kojipkgs.fedoraproject.org/packages/kio-fuse/5.1.1/3.fc44/src/kio-fuse-5.1.1-3.fc44.src.rpm	HTTP range + RPM magic
kio-gdrive-26.08.0-1.fc44.src.rpm	Fedora Koji	https://kojipkgs.fedoraproject.org/packages/kio-gdrive/26.08.0/1.fc44/src/kio-gdrive-26.08.0-1.fc44.src.rpm	HTTP range + RPM magic
kjournald-26.08.0-1.fc44.src.rpm	Fedora Koji	https://kojipkgs.fedoraproject.org/packages/kjournald/26.08.0/1.fc44/src/kjournald-26.08.0-1.fc44.src.rpm	HTTP range + RPM magic
kmahjongg-26.08.0-1.fc44.src.rpm	Fedora Koji	https://kojipkgs.fedoraproject.org/packages/kmahjongg/26.08.0/1.fc44/src/kmahjongg-26.08.0-1.fc44.src.rpm	HTTP range + RPM magic
kmenuedit-6.7.4-1.fc44.src.rpm	Fedora Koji	https://kojipkgs.fedoraproject.org/packages/kmenuedit/6.7.4/1.fc44/src/kmenuedit-6.7.4-1.fc44.src.rpm	HTTP range + RPM magic
kmines-26.08.0-1.fc44.src.rpm	Fedora Koji	https://kojipkgs.fedoraproject.org/packages/kmines/26.08.0/1.fc44/src/kmines-26.08.0-1.fc44.src.rpm	HTTP range + RPM magic
kmod-34.2-4.fc44.src.rpm	Fedora Koji	https://kojipkgs.fedoraproject.org/packages/kmod/34.2/4.fc44/src/kmod-34.2-4.fc44.src.rpm	HTTP range + RPM magic
kmouth-26.08.0-1.fc44.src.rpm	Fedora Koji	https://kojipkgs.fedoraproject.org/packages/kmouth/26.08.0/1.fc44/src/kmouth-26.08.0-1.fc44.src.rpm	HTTP range + RPM magic
knighttime-6.7.4-1.fc44.src.rpm	Fedora Koji	https://kojipkgs.fedoraproject.org/packages/knighttime/6.7.4/1.fc44/src/knighttime-6.7.4-1.fc44.src.rpm	HTTP range + RPM magic
konsole-26.08.0-1.fc44.src.rpm	Fedora Koji	https://kojipkgs.fedoraproject.org/packages/konsole/26.08.0/1.fc44/src/konsole-26.08.0-1.fc44.src.rpm	HTTP range + RPM magic
kpat-26.08.0-1.fc44.src.rpm	Fedora Koji	https://kojipkgs.fedoraproject.org/packages/kpat/26.08.0/1.fc44/src/kpat-26.08.0-1.fc44.src.rpm	HTTP range + RPM magic
kpipewire-6.7.4-1.fc44.src.rpm	Fedora Koji	https://kojipkgs.fedoraproject.org/packages/kpipewire/6.7.4/1.fc44/src/kpipewire-6.7.4-1.fc44.src.rpm	HTTP range + RPM magic
kpmcore-26.08.0-1.fc44.src.rpm	Fedora Koji	https://kojipkgs.fedoraproject.org/packages/kpmcore/26.08.0/1.fc44/src/kpmcore-26.08.0-1.fc44.src.rpm	HTTP range + RPM magic
kquickimageeditor-0.6.0-6.fc44.src.rpm	Fedora Koji	https://kojipkgs.fedoraproject.org/packages/kquickimageeditor/0.6.0/6.fc44/src/kquickimageeditor-0.6.0-6.fc44.src.rpm	HTTP range + RPM magic
krb5-1.22.2-4.fc44.src.rpm	Fedora Koji	https://kojipkgs.fedoraproject.org/packages/krb5/1.22.2/4.fc44/src/krb5-1.22.2-4.fc44.src.rpm	HTTP range + RPM magic
krdc-26.08.0-1.fc44.src.rpm	Fedora Koji	https://kojipkgs.fedoraproject.org/packages/krdc/26.08.0/1.fc44/src/krdc-26.08.0-1.fc44.src.rpm	HTTP range + RPM magic
krdp-6.7.4-1.fc44.src.rpm	Fedora Koji	https://kojipkgs.fedoraproject.org/packages/krdp/6.7.4/1.fc44/src/krdp-6.7.4-1.fc44.src.rpm	HTTP range + RPM magic
krfb-26.08.0-1.fc44.src.rpm	Fedora Koji	https://kojipkgs.fedoraproject.org/packages/krfb/26.08.0/1.fc44/src/krfb-26.08.0-1.fc44.src.rpm	HTTP range + RPM magic
krusader-2.9.0-4.fc44.src.rpm	Fedora Koji	https://kojipkgs.fedoraproject.org/packages/krusader/2.9.0/4.fc44/src/krusader-2.9.0-4.fc44.src.rpm	HTTP range + RPM magic
ksanecore-26.08.0-1.fc44.src.rpm	Fedora Koji	https://kojipkgs.fedoraproject.org/packages/ksanecore/26.08.0/1.fc44/src/ksanecore-26.08.0-1.fc44.src.rpm	HTTP range + RPM magic
kscreen-6.7.4-1.fc44.src.rpm	Fedora Koji	https://kojipkgs.fedoraproject.org/packages/kscreen/6.7.4/1.fc44/src/kscreen-6.7.4-1.fc44.src.rpm	HTTP range + RPM magic
kscreenlocker-6.7.4-1.fc44.src.rpm	Fedora Koji	https://kojipkgs.fedoraproject.org/packages/kscreenlocker/6.7.4/1.fc44/src/kscreenlocker-6.7.4-1.fc44.src.rpm	HTTP range + RPM magic
ksshaskpass-6.7.4-1.fc44.src.rpm	Fedora Koji	https://kojipkgs.fedoraproject.org/packages/ksshaskpass/6.7.4/1.fc44/src/ksshaskpass-6.7.4-1.fc44.src.rpm	HTTP range + RPM magic
ksystemstats-6.7.4-1.fc44.src.rpm	Fedora Koji	https://kojipkgs.fedoraproject.org/packages/ksystemstats/6.7.4/1.fc44/src/ksystemstats-6.7.4-1.fc44.src.rpm	HTTP range + RPM magic
ktorrent-26.08.0-1.fc44.src.rpm	Fedora Koji	https://kojipkgs.fedoraproject.org/packages/ktorrent/26.08.0/1.fc44/src/ktorrent-26.08.0-1.fc44.src.rpm	HTTP range + RPM magic
kunifiedpush-26.08.0-1.fc44.src.rpm	Fedora Koji	https://kojipkgs.fedoraproject.org/packages/kunifiedpush/26.08.0/1.fc44/src/kunifiedpush-26.08.0-1.fc44.src.rpm	HTTP range + RPM magic
kwalletmanager5-26.08.0-1.fc44.src.rpm	Fedora Koji	https://kojipkgs.fedoraproject.org/packages/kwalletmanager5/26.08.0/1.fc44/src/kwalletmanager5-26.08.0-1.fc44.src.rpm	HTTP range + RPM magic
kwayland-6.7.4-1.fc44.src.rpm	Fedora Koji	https://kojipkgs.fedoraproject.org/packages/kwayland/6.7.4/1.fc44/src/kwayland-6.7.4-1.fc44.src.rpm	HTTP range + RPM magic
kwin-6.7.4-2.fc44.src.rpm	Fedora Koji	https://kojipkgs.fedoraproject.org/packages/kwin/6.7.4/2.fc44/src/kwin-6.7.4-2.fc44.src.rpm	HTTP range + RPM magic
kwrited-6.7.4-1.fc44.src.rpm	Fedora Koji	https://kojipkgs.fedoraproject.org/packages/kwrited/6.7.4/1.fc44/src/kwrited-6.7.4-1.fc44.src.rpm	HTTP range + RPM magic
lame-3.100-21.fc44.src.rpm	Fedora Koji	https://kojipkgs.fedoraproject.org/packages/lame/3.100/21.fc44/src/lame-3.100-21.fc44.src.rpm	HTTP range + RPM magic
langpacks-4.3-1.fc44.src.rpm	Fedora Koji	https://kojipkgs.fedoraproject.org/packages/langpacks/4.3/1.fc44/src/langpacks-4.3-1.fc44.src.rpm	HTTP range + RPM magic
layer-shell-qt-6.7.4-2.fc44.src.rpm	Fedora Koji	https://kojipkgs.fedoraproject.org/packages/layer-shell-qt/6.7.4/2.fc44/src/layer-shell-qt-6.7.4-2.fc44.src.rpm	HTTP range + RPM magic
lcms2-2.16-7.fc44.src.rpm	Fedora Koji	https://kojipkgs.fedoraproject.org/packages/lcms2/2.16/7.fc44/src/lcms2-2.16-7.fc44.src.rpm	HTTP range + RPM magic
ldns-1.9.2-1.fc44.src.rpm	Fedora Koji	https://kojipkgs.fedoraproject.org/packages/ldns/1.9.2/1.fc44/src/ldns-1.9.2-1.fc44.src.rpm	HTTP range + RPM magic
leptonica-1.87.0-4.fc44.src.rpm	Fedora Koji	https://kojipkgs.fedoraproject.org/packages/leptonica/1.87.0/4.fc44/src/leptonica-1.87.0-4.fc44.src.rpm	HTTP range + RPM magic
less-704-4.fc44.src.rpm	Fedora Koji	https://kojipkgs.fedoraproject.org/packages/less/704/4.fc44/src/less-704-4.fc44.src.rpm	HTTP range + RPM magic
leveldb-1.23-14.fc44.src.rpm	Fedora Koji	https://kojipkgs.fedoraproject.org/packages/leveldb/1.23/14.fc44/src/leveldb-1.23-14.fc44.src.rpm	HTTP range + RPM magic
libICE-1.1.2-4.fc44.src.rpm	Fedora Koji	https://kojipkgs.fedoraproject.org/packages/libICE/1.1.2/4.fc44/src/libICE-1.1.2-4.fc44.src.rpm	HTTP range + RPM magic
libSM-1.2.5-4.fc44.src.rpm	Fedora Koji	https://kojipkgs.fedoraproject.org/packages/libSM/1.2.5/4.fc44/src/libSM-1.2.5-4.fc44.src.rpm	HTTP range + RPM magic
libX11-1.8.13-1.fc44.src.rpm	Fedora Koji	https://kojipkgs.fedoraproject.org/packages/libX11/1.8.13/1.fc44/src/libX11-1.8.13-1.fc44.src.rpm	HTTP range + RPM magic
libXau-1.0.12-4.fc44.src.rpm	Fedora Koji	https://kojipkgs.fedoraproject.org/packages/libXau/1.0.12/4.fc44/src/libXau-1.0.12-4.fc44.src.rpm	HTTP range + RPM magic
libXaw-1.0.16-5.fc44.src.rpm	Fedora Koji	https://kojipkgs.fedoraproject.org/packages/libXaw/1.0.16/5.fc44/src/libXaw-1.0.16-5.fc44.src.rpm	HTTP range + RPM magic
libXcomposite-0.4.6-7.fc44.src.rpm	Fedora Koji	https://kojipkgs.fedoraproject.org/packages/libXcomposite/0.4.6/7.fc44/src/libXcomposite-0.4.6-7.fc44.src.rpm	HTTP range + RPM magic
libXcursor-1.2.3-4.fc44.src.rpm	Fedora Koji	https://kojipkgs.fedoraproject.org/packages/libXcursor/1.2.3/4.fc44/src/libXcursor-1.2.3-4.fc44.src.rpm	HTTP range + RPM magic
libXdamage-1.1.6-7.fc44.src.rpm	Fedora Koji	https://kojipkgs.fedoraproject.org/packages/libXdamage/1.1.6/7.fc44/src/libXdamage-1.1.6-7.fc44.src.rpm	HTTP range + RPM magic
libXdmcp-1.1.5-5.fc44.src.rpm	Fedora Koji	https://kojipkgs.fedoraproject.org/packages/libXdmcp/1.1.5/5.fc44/src/libXdmcp-1.1.5-5.fc44.src.rpm	HTTP range + RPM magic
libXext-1.3.6-5.fc44.src.rpm	Fedora Koji	https://kojipkgs.fedoraproject.org/packages/libXext/1.3.6/5.fc44/src/libXext-1.3.6-5.fc44.src.rpm	HTTP range + RPM magic
libXfixes-6.0.1-7.fc44.src.rpm	Fedora Koji	https://kojipkgs.fedoraproject.org/packages/libXfixes/6.0.1/7.fc44/src/libXfixes-6.0.1-7.fc44.src.rpm	HTTP range + RPM magic
libXfont2-2.0.9-1.fc44.src.rpm	Fedora Koji	https://kojipkgs.fedoraproject.org/packages/libXfont2/2.0.9/1.fc44/src/libXfont2-2.0.9-1.fc44.src.rpm	HTTP range + RPM magic
libXft-2.3.8-10.fc44.src.rpm	Fedora Koji	https://kojipkgs.fedoraproject.org/packages/libXft/2.3.8/10.fc44/src/libXft-2.3.8-10.fc44.src.rpm	HTTP range + RPM magic
libXi-1.8.3-1.fc44.src.rpm	Fedora Koji	https://kojipkgs.fedoraproject.org/packages/libXi/1.8.3/1.fc44/src/libXi-1.8.3-1.fc44.src.rpm	HTTP range + RPM magic
libXinerama-1.1.5-10.fc44.src.rpm	Fedora Koji	https://kojipkgs.fedoraproject.org/packages/libXinerama/1.1.5/10.fc44/src/libXinerama-1.1.5-10.fc44.src.rpm	HTTP range + RPM magic
libXmu-1.2.1-5.fc44.src.rpm	Fedora Koji	https://kojipkgs.fedoraproject.org/packages/libXmu/1.2.1/5.fc44/src/libXmu-1.2.1-5.fc44.src.rpm	HTTP range + RPM magic
libXpm-3.5.17-7.fc44.src.rpm	Fedora Koji	https://kojipkgs.fedoraproject.org/packages/libXpm/3.5.17/7.fc44/src/libXpm-3.5.17-7.fc44.src.rpm	HTTP range + RPM magic
libXrandr-1.5.4-7.fc44.src.rpm	Fedora Koji	https://kojipkgs.fedoraproject.org/packages/libXrandr/1.5.4/7.fc44/src/libXrandr-1.5.4-7.fc44.src.rpm	HTTP range + RPM magic
libXrender-0.9.12-4.fc44.src.rpm	Fedora Koji	https://kojipkgs.fedoraproject.org/packages/libXrender/0.9.12/4.fc44/src/libXrender-0.9.12-4.fc44.src.rpm	HTTP range + RPM magic
libXt-1.3.1-4.fc44.src.rpm	Fedora Koji	https://kojipkgs.fedoraproject.org/packages/libXt/1.3.1/4.fc44/src/libXt-1.3.1-4.fc44.src.rpm	HTTP range + RPM magic
libXtst-1.2.5-4.fc44.src.rpm	Fedora Koji	https://kojipkgs.fedoraproject.org/packages/libXtst/1.2.5/4.fc44/src/libXtst-1.2.5-4.fc44.src.rpm	HTTP range + RPM magic
libXv-1.0.13-4.fc44.src.rpm	Fedora Koji	https://kojipkgs.fedoraproject.org/packages/libXv/1.0.13/4.fc44/src/libXv-1.0.13-4.fc44.src.rpm	HTTP range + RPM magic
libXxf86dga-1.1.6-7.fc44.src.rpm	Fedora Koji	https://kojipkgs.fedoraproject.org/packages/libXxf86dga/1.1.6/7.fc44/src/libXxf86dga-1.1.6-7.fc44.src.rpm	HTTP range + RPM magic
libXxf86vm-1.1.6-4.fc44.src.rpm	Fedora Koji	https://kojipkgs.fedoraproject.org/packages/libXxf86vm/1.1.6/4.fc44/src/libXxf86vm-1.1.6-4.fc44.src.rpm	HTTP range + RPM magic
libaccounts-glib-1.25-24.fc44.src.rpm	Fedora Koji	https://kojipkgs.fedoraproject.org/packages/libaccounts-glib/1.25/24.fc44/src/libaccounts-glib-1.25-24.fc44.src.rpm	HTTP range + RPM magic
libaccounts-qt-1.17-4.fc44.src.rpm	Fedora Koji	https://kojipkgs.fedoraproject.org/packages/libaccounts-qt/1.17/4.fc44/src/libaccounts-qt-1.17-4.fc44.src.rpm	HTTP range + RPM magic
libaio-0.3.111-23.fc44.src.rpm	Fedora Koji	https://kojipkgs.fedoraproject.org/packages/libaio/0.3.111/23.fc44/src/libaio-0.3.111-23.fc44.src.rpm	HTTP range + RPM magic
libappindicator-12.10.1-10.fc44.src.rpm	Fedora Koji	https://kojipkgs.fedoraproject.org/packages/libappindicator/12.10.1/10.fc44/src/libappindicator-12.10.1-10.fc44.src.rpm	HTTP range + RPM magic
libarchive-3.8.7-1.fc44.src.rpm	Fedora Koji	https://kojipkgs.fedoraproject.org/packages/libarchive/3.8.7/1.fc44/src/libarchive-3.8.7-1.fc44.src.rpm	HTTP range + RPM magic
libaribcaption-1.1.1-4.fc44.src.rpm	Fedora Koji	https://kojipkgs.fedoraproject.org/packages/libaribcaption/1.1.1/4.fc44/src/libaribcaption-1.1.1-4.fc44.src.rpm	HTTP range + RPM magic
libass-0.17.4-2.fc44.src.rpm	Fedora Koji	https://kojipkgs.fedoraproject.org/packages/libass/0.17.4/2.fc44/src/libass-0.17.4-2.fc44.src.rpm	HTTP range + RPM magic
libassuan-2.5.7-5.fc44.src.rpm	Fedora Koji	https://kojipkgs.fedoraproject.org/packages/libassuan/2.5.7/5.fc44/src/libassuan-2.5.7-5.fc44.src.rpm	HTTP range + RPM magic
libasyncns-0.8-34.fc44.src.rpm	Fedora Koji	https://kojipkgs.fedoraproject.org/packages/libasyncns/0.8/34.fc44/src/libasyncns-0.8-34.fc44.src.rpm	HTTP range + RPM magic
libatasmart-0.19-32.fc44.src.rpm	Fedora Koji	https://kojipkgs.fedoraproject.org/packages/libatasmart/0.19/32.fc44/src/libatasmart-0.19-32.fc44.src.rpm	HTTP range + RPM magic
libavif-1.3.0-4.fc44.src.rpm	Fedora Koji	https://kojipkgs.fedoraproject.org/packages/libavif/1.3.0/4.fc44/src/libavif-1.3.0-4.fc44.src.rpm	HTTP range + RPM magic
libayatana-appindicator-0.5.94-5.fc44.src.rpm	Fedora Koji	https://kojipkgs.fedoraproject.org/packages/libayatana-appindicator/0.5.94/5.fc44/src/libayatana-appindicator-0.5.94-5.fc44.src.rpm	HTTP range + RPM magic
libayatana-ido-0.10.4-7.fc44.src.rpm	Fedora Koji	https://kojipkgs.fedoraproject.org/packages/libayatana-ido/0.10.4/7.fc44/src/libayatana-ido-0.10.4-7.fc44.src.rpm	HTTP range + RPM magic
libayatana-indicator-0.9.4-10.fc44.src.rpm	Fedora Koji	https://kojipkgs.fedoraproject.org/packages/libayatana-indicator/0.9.4/10.fc44/src/libayatana-indicator-0.9.4-10.fc44.src.rpm	HTTP range + RPM magic
libb2-0.98.1-15.fc44.src.rpm	Fedora Koji	https://kojipkgs.fedoraproject.org/packages/libb2/0.98.1/15.fc44/src/libb2-0.98.1-15.fc44.src.rpm	HTTP range + RPM magic
libblockdev-3.5.0-1.fc44.src.rpm	Fedora Koji	https://kojipkgs.fedoraproject.org/packages/libblockdev/3.5.0/1.fc44/src/libblockdev-3.5.0-1.fc44.src.rpm	HTTP range + RPM magic
libbluray-1.4.0-3.fc44.src.rpm	Fedora Koji	https://kojipkgs.fedoraproject.org/packages/libbluray/1.4.0/3.fc44/src/libbluray-1.4.0-3.fc44.src.rpm	HTTP range + RPM magic
libbpf-1.6.3-2.fc44.src.rpm	Fedora Koji	https://kojipkgs.fedoraproject.org/packages/libbpf/1.6.3/2.fc44/src/libbpf-1.6.3-2.fc44.src.rpm	HTTP range + RPM magic
libbs2b-3.1.0-37.fc44.src.rpm	Fedora Koji	https://kojipkgs.fedoraproject.org/packages/libbs2b/3.1.0/37.fc44/src/libbs2b-3.1.0-37.fc44.src.rpm	HTTP range + RPM magic
libbytesize-2.12-2.fc44.src.rpm	Fedora Koji	https://kojipkgs.fedoraproject.org/packages/libbytesize/2.12/2.fc44/src/libbytesize-2.12-2.fc44.src.rpm	HTTP range + RPM magic
libcanberra-0.30-39.fc44.src.rpm	Fedora Koji	https://kojipkgs.fedoraproject.org/packages/libcanberra/0.30/39.fc44/src/libcanberra-0.30-39.fc44.src.rpm	HTTP range + RPM magic
libcap-2.78-1.fc44.src.rpm	Fedora Koji	https://kojipkgs.fedoraproject.org/packages/libcap/2.78/1.fc44/src/libcap-2.78-1.fc44.src.rpm	HTTP range + RPM magic
libcap-ng-0.9.5-1.fc44.src.rpm	Fedora Koji	https://kojipkgs.fedoraproject.org/packages/libcap-ng/0.9.5/1.fc44/src/libcap-ng-0.9.5-1.fc44.src.rpm	HTTP range + RPM magic
libcbor-0.13.0-2.fc44.src.rpm	Fedora Koji	https://kojipkgs.fedoraproject.org/packages/libcbor/0.13.0/2.fc44/src/libcbor-0.13.0-2.fc44.src.rpm	HTTP range + RPM magic
libcloudproviders-0.4.1-1.fc44.src.rpm	Fedora Koji	https://kojipkgs.fedoraproject.org/packages/libcloudproviders/0.4.1/1.fc44/src/libcloudproviders-0.4.1-1.fc44.src.rpm	HTTP range + RPM magic
libcomps-0.1.24-1.fc44.src.rpm	Fedora Koji	https://kojipkgs.fedoraproject.org/packages/libcomps/0.1.24/1.fc44/src/libcomps-0.1.24-1.fc44.src.rpm	HTTP range + RPM magic
libcupsfilters-2.1.1-9.fc44.src.rpm	Fedora Koji	https://kojipkgs.fedoraproject.org/packages/libcupsfilters/2.1.1/9.fc44/src/libcupsfilters-2.1.1-9.fc44.src.rpm	HTTP range + RPM magic
libdaemon-0.14-33.fc44.src.rpm	Fedora Koji	https://kojipkgs.fedoraproject.org/packages/libdaemon/0.14/33.fc44/src/libdaemon-0.14-33.fc44.src.rpm	HTTP range + RPM magic
libdatrie-0.2.14-2.fc44.src.rpm	Fedora Koji	https://kojipkgs.fedoraproject.org/packages/libdatrie/0.2.14/2.fc44/src/libdatrie-0.2.14-2.fc44.src.rpm	HTTP range + RPM magic
libdbusmenu-16.04.0-31.fc44.src.rpm	Fedora Koji	https://kojipkgs.fedoraproject.org/packages/libdbusmenu/16.04.0/31.fc44/src/libdbusmenu-16.04.0-31.fc44.src.rpm	HTTP range + RPM magic
libdecor-0.2.5-2.fc44.src.rpm	Fedora Koji	https://kojipkgs.fedoraproject.org/packages/libdecor/0.2.5/2.fc44/src/libdecor-0.2.5-2.fc44.src.rpm	HTTP range + RPM magic
libdeflate-1.26-1.fc44.src.rpm	Fedora Koji	https://kojipkgs.fedoraproject.org/packages/libdeflate/1.26/1.fc44/src/libdeflate-1.26-1.fc44.src.rpm	HTTP range + RPM magic
libdisplay-info-0.3.0-1.fc44.src.rpm	Fedora Koji	https://kojipkgs.fedoraproject.org/packages/libdisplay-info/0.3.0/1.fc44/src/libdisplay-info-0.3.0-1.fc44.src.rpm	HTTP range + RPM magic
libdmtx-0.7.8-3.fc44.src.rpm	Fedora Koji	https://kojipkgs.fedoraproject.org/packages/libdmtx/0.7.8/3.fc44/src/libdmtx-0.7.8-3.fc44.src.rpm	HTTP range + RPM magic
libdnf-0.75.0-2.fc44.src.rpm	Fedora Koji	https://kojipkgs.fedoraproject.org/packages/libdnf/0.75.0/2.fc44/src/libdnf-0.75.0-2.fc44.src.rpm	HTTP range + RPM magic
libdrm-2.4.134-1.fc44.src.rpm	Fedora Koji	https://kojipkgs.fedoraproject.org/packages/libdrm/2.4.134/1.fc44/src/libdrm-2.4.134-1.fc44.src.rpm	HTTP range + RPM magic
libdvdnav-7.0.0-1.fc44.src.rpm	Fedora Koji	https://kojipkgs.fedoraproject.org/packages/libdvdnav/7.0.0/1.fc44/src/libdvdnav-7.0.0-1.fc44.src.rpm	HTTP range + RPM magic
libdvdread-7.0.1-1.fc44.src.rpm	Fedora Koji	https://kojipkgs.fedoraproject.org/packages/libdvdread/7.0.1/1.fc44/src/libdvdread-7.0.1-1.fc44.src.rpm	HTTP range + RPM magic
libebur128-1.2.6-15.fc44.src.rpm	Fedora Koji	https://kojipkgs.fedoraproject.org/packages/libebur128/1.2.6/15.fc44/src/libebur128-1.2.6-15.fc44.src.rpm	HTTP range + RPM magic
libeconf-0.7.9-3.fc44.src.rpm	Fedora Koji	https://kojipkgs.fedoraproject.org/packages/libeconf/0.7.9/3.fc44/src/libeconf-0.7.9-3.fc44.src.rpm	HTTP range + RPM magic
libedit-3.1-59.20260512cvs.fc44.src.rpm	Fedora Koji	https://kojipkgs.fedoraproject.org/packages/libedit/3.1/59.20260512cvs.fc44/src/libedit-3.1-59.20260512cvs.fc44.src.rpm	HTTP range + RPM magic
libei-1.6.0-2.fc44.src.rpm	Fedora Koji	https://kojipkgs.fedoraproject.org/packages/libei/1.6.0/2.fc44/src/libei-1.6.0-2.fc44.src.rpm	HTTP range + RPM magic
libell-0.83-1.fc44.src.rpm	Fedora Koji	https://kojipkgs.fedoraproject.org/packages/libell/0.83/1.fc44/src/libell-0.83-1.fc44.src.rpm	HTTP range + RPM magic
libepoxy-1.5.10-12.fc44.src.rpm	Fedora Koji	https://kojipkgs.fedoraproject.org/packages/libepoxy/1.5.10/12.fc44/src/libepoxy-1.5.10-12.fc44.src.rpm	HTTP range + RPM magic
libevdev-1.13.7-1.fc44.src.rpm	Fedora Koji	https://kojipkgs.fedoraproject.org/packages/libevdev/1.13.7/1.fc44/src/libevdev-1.13.7-1.fc44.src.rpm	HTTP range + RPM magic
libevent-2.1.12-17.fc44.src.rpm	Fedora Koji	https://kojipkgs.fedoraproject.org/packages/libevent/2.1.12/17.fc44/src/libevent-2.1.12-17.fc44.src.rpm	HTTP range + RPM magic
libexif-0.6.26-1.fc44.src.rpm	Fedora Koji	https://kojipkgs.fedoraproject.org/packages/libexif/0.6.26/1.fc44/src/libexif-0.6.26-1.fc44.src.rpm	HTTP range + RPM magic
libfakekey-0.3-27.fc44.src.rpm	Fedora Koji	https://kojipkgs.fedoraproject.org/packages/libfakekey/0.3/27.fc44/src/libfakekey-0.3-27.fc44.src.rpm	HTTP range + RPM magic
libffi-3.5.2-2.fc44.src.rpm	Fedora Koji	https://kojipkgs.fedoraproject.org/packages/libffi/3.5.2/2.fc44/src/libffi-3.5.2-2.fc44.src.rpm	HTTP range + RPM magic
libfido2-1.16.0-5.fc44.src.rpm	Fedora Koji	https://kojipkgs.fedoraproject.org/packages/libfido2/1.16.0/5.fc44/src/libfido2-1.16.0-5.fc44.src.rpm	HTTP range + RPM magic
libfontenc-1.1.8-5.fc44.src.rpm	Fedora Koji	https://kojipkgs.fedoraproject.org/packages/libfontenc/1.1.8/5.fc44/src/libfontenc-1.1.8-5.fc44.src.rpm	HTTP range + RPM magic
libfprint-1.94.100-1.fc44.src.rpm	Fedora Koji	https://kojipkgs.fedoraproject.org/packages/libfprint/1.94.100/1.fc44/src/libfprint-1.94.100-1.fc44.src.rpm	HTTP range + RPM magic
libfyaml-0.8-9.fc44.src.rpm	Fedora Koji	https://kojipkgs.fedoraproject.org/packages/libfyaml/0.8/9.fc44/src/libfyaml-0.8-9.fc44.src.rpm	HTTP range + RPM magic
libgcrypt-1.12.2-1.fc44.src.rpm	Fedora Koji	https://kojipkgs.fedoraproject.org/packages/libgcrypt/1.12.2/1.fc44/src/libgcrypt-1.12.2-1.fc44.src.rpm	HTTP range + RPM magic
libglvnd-1.7.0-9.fc44.src.rpm	Fedora Koji	https://kojipkgs.fedoraproject.org/packages/libglvnd/1.7.0/9.fc44/src/libglvnd-1.7.0-9.fc44.src.rpm	HTTP range + RPM magic
libgpg-error-1.58-2.fc44.src.rpm	Fedora Koji	https://kojipkgs.fedoraproject.org/packages/libgpg-error/1.58/2.fc44/src/libgpg-error-1.58-2.fc44.src.rpm	HTTP range + RPM magic
libgpiod-2.2.5-1.fc44.src.rpm	Fedora Koji	https://kojipkgs.fedoraproject.org/packages/libgpiod/2.2.5/1.fc44/src/libgpiod-2.2.5-1.fc44.src.rpm	HTTP range + RPM magic
libgudev-238-9.fc44.src.rpm	Fedora Koji	https://kojipkgs.fedoraproject.org/packages/libgudev/238/9.fc44/src/libgudev-238-9.fc44.src.rpm	HTTP range + RPM magic
libgusb-0.4.9-5.fc44.src.rpm	Fedora Koji	https://kojipkgs.fedoraproject.org/packages/libgusb/0.4.9/5.fc44/src/libgusb-0.4.9-5.fc44.src.rpm	HTTP range + RPM magic
libheif-1.21.2-1.fc44.src.rpm	Fedora Koji	https://kojipkgs.fedoraproject.org/packages/libheif/1.21.2/1.fc44/src/libheif-1.21.2-1.fc44.src.rpm	HTTP range + RPM magic
libical-3.0.20-7.fc44.src.rpm	Fedora Koji	https://kojipkgs.fedoraproject.org/packages/libical/3.0.20/7.fc44/src/libical-3.0.20-7.fc44.src.rpm	HTTP range + RPM magic
libidn2-2.3.8-3.fc44.src.rpm	Fedora Koji	https://kojipkgs.fedoraproject.org/packages/libidn2/2.3.8/3.fc44/src/libidn2-2.3.8-3.fc44.src.rpm	HTTP range + RPM magic
libiio-0.26-8.fc44.src.rpm	Fedora Koji	https://kojipkgs.fedoraproject.org/packages/libiio/0.26/8.fc44/src/libiio-0.26-8.fc44.src.rpm	HTTP range + RPM magic
libijs-0.35-26.fc44.src.rpm	Fedora Koji	https://kojipkgs.fedoraproject.org/packages/libijs/0.35/26.fc44/src/libijs-0.35-26.fc44.src.rpm	HTTP range + RPM magic
libimobiledevice-1.4.0-3.fc44.src.rpm	Fedora Koji	https://kojipkgs.fedoraproject.org/packages/libimobiledevice/1.4.0/3.fc44/src/libimobiledevice-1.4.0-3.fc44.src.rpm	HTTP range + RPM magic
libimobiledevice-glue-1.3.2-1.fc44.src.rpm	Fedora Koji	https://kojipkgs.fedoraproject.org/packages/libimobiledevice-glue/1.3.2/1.fc44/src/libimobiledevice-glue-1.3.2-1.fc44.src.rpm	HTTP range + RPM magic
libinput-1.31.3-1.fc44.src.rpm	Fedora Koji	https://kojipkgs.fedoraproject.org/packages/libinput/1.31.3/1.fc44/src/libinput-1.31.3-1.fc44.src.rpm	HTTP range + RPM magic
libjpeg-turbo-3.1.3-1.fc44.src.rpm	Fedora Koji	https://kojipkgs.fedoraproject.org/packages/libjpeg-turbo/3.1.3/1.fc44/src/libjpeg-turbo-3.1.3-1.fc44.src.rpm	HTTP range + RPM magic
libkcddb-26.08.0-1.fc44.src.rpm	Fedora Koji	https://kojipkgs.fedoraproject.org/packages/libkcddb/26.08.0/1.fc44/src/libkcddb-26.08.0-1.fc44.src.rpm	HTTP range + RPM magic
libkdcraw-26.08.0-1.fc44.src.rpm	Fedora Koji	https://kojipkgs.fedoraproject.org/packages/libkdcraw/26.08.0/1.fc44/src/libkdcraw-26.08.0-1.fc44.src.rpm	HTTP range + RPM magic
libkdegames-26.08.0-1.fc44.src.rpm	Fedora Koji	https://kojipkgs.fedoraproject.org/packages/libkdegames/26.08.0/1.fc44/src/libkdegames-26.08.0-1.fc44.src.rpm	HTTP range + RPM magic
libkexiv2-26.08.0-1.fc44.src.rpm	Fedora Koji	https://kojipkgs.fedoraproject.org/packages/libkexiv2/26.08.0/1.fc44/src/libkexiv2-26.08.0-1.fc44.src.rpm	HTTP range + RPM magic
libkgapi-26.08.0-1.fc44.src.rpm	Fedora Koji	https://kojipkgs.fedoraproject.org/packages/libkgapi/26.08.0/1.fc44/src/libkgapi-26.08.0-1.fc44.src.rpm	HTTP range + RPM magic
libkmahjongg-26.08.0-1.fc44.src.rpm	Fedora Koji	https://kojipkgs.fedoraproject.org/packages/libkmahjongg/26.08.0/1.fc44/src/libkmahjongg-26.08.0-1.fc44.src.rpm	HTTP range + RPM magic
libksba-1.6.7-5.fc44.src.rpm	Fedora Koji	https://kojipkgs.fedoraproject.org/packages/libksba/1.6.7/5.fc44/src/libksba-1.6.7-5.fc44.src.rpm	HTTP range + RPM magic
libkscreen-6.7.4-1.fc44.src.rpm	Fedora Koji	https://kojipkgs.fedoraproject.org/packages/libkscreen/6.7.4/1.fc44/src/libkscreen-6.7.4-1.fc44.src.rpm	HTTP range + RPM magic
libksysguard-6.7.4-1.fc44.src.rpm	Fedora Koji	https://kojipkgs.fedoraproject.org/packages/libksysguard/6.7.4/1.fc44/src/libksysguard-6.7.4-1.fc44.src.rpm	HTTP range + RPM magic
libktorrent-26.08.0-1.fc44.src.rpm	Fedora Koji	https://kojipkgs.fedoraproject.org/packages/libktorrent/26.08.0/1.fc44/src/libktorrent-26.08.0-1.fc44.src.rpm	HTTP range + RPM magic
liblc3-1.1.3-7.fc44.src.rpm	Fedora Koji	https://kojipkgs.fedoraproject.org/packages/liblc3/1.1.3/7.fc44/src/liblc3-1.1.3-7.fc44.src.rpm	HTTP range + RPM magic
libldac-2.0.2.3-19.fc44.src.rpm	Fedora Koji	https://kojipkgs.fedoraproject.org/packages/libldac/2.0.2.3/19.fc44/src/libldac-2.0.2.3-19.fc44.src.rpm	HTTP range + RPM magic
liblerc-4.0.0-10.fc44.src.rpm	Fedora Koji	https://kojipkgs.fedoraproject.org/packages/liblerc/4.0.0/10.fc44/src/liblerc-4.0.0-10.fc44.src.rpm	HTTP range + RPM magic
libmaxminddb-1.13.3-1.fc44.src.rpm	Fedora Koji	https://kojipkgs.fedoraproject.org/packages/libmaxminddb/1.13.3/1.fc44/src/libmaxminddb-1.13.3-1.fc44.src.rpm	HTTP range + RPM magic
libmng-2.0.3-25.fc44.src.rpm	Fedora Koji	https://kojipkgs.fedoraproject.org/packages/libmng/2.0.3/25.fc44/src/libmng-2.0.3-25.fc44.src.rpm	HTTP range + RPM magic
libmnl-1.0.5-9.fc44.src.rpm	Fedora Koji	https://kojipkgs.fedoraproject.org/packages/libmnl/1.0.5/9.fc44/src/libmnl-1.0.5-9.fc44.src.rpm	HTTP range + RPM magic
libmodplug-0.8.9.0-29.fc44.src.rpm	Fedora Koji	https://kojipkgs.fedoraproject.org/packages/libmodplug/0.8.9.0/29.fc44/src/libmodplug-0.8.9.0-29.fc44.src.rpm	HTTP range + RPM magic
libmodulemd-2.15.3-1.fc44.src.rpm	Fedora Koji	https://kojipkgs.fedoraproject.org/packages/libmodulemd/2.15.3/1.fc44/src/libmodulemd-2.15.3-1.fc44.src.rpm	HTTP range + RPM magic
libmpc-1.4.1-1.fc44.src.rpm	Fedora Koji	https://kojipkgs.fedoraproject.org/packages/libmpc/1.4.1/1.fc44/src/libmpc-1.4.1-1.fc44.src.rpm	HTTP range + RPM magic
libmtp-1.1.22-3.fc44.src.rpm	Fedora Koji	https://kojipkgs.fedoraproject.org/packages/libmtp/1.1.22/3.fc44/src/libmtp-1.1.22-3.fc44.src.rpm	HTTP range + RPM magic
libmusicbrainz5-5.1.0-30.fc44.src.rpm	Fedora Koji	https://kojipkgs.fedoraproject.org/packages/libmusicbrainz5/5.1.0/30.fc44/src/libmusicbrainz5-5.1.0-30.fc44.src.rpm	HTTP range + RPM magic
libmysofa-1.3.3-4.fc44.src.rpm	Fedora Koji	https://kojipkgs.fedoraproject.org/packages/libmysofa/1.3.3/4.fc44/src/libmysofa-1.3.3-4.fc44.src.rpm	HTTP range + RPM magic
libndp-1.9-5.fc44.src.rpm	Fedora Koji	https://kojipkgs.fedoraproject.org/packages/libndp/1.9/5.fc44/src/libndp-1.9-5.fc44.src.rpm	HTTP range + RPM magic
libnetfilter_conntrack-1.1.1-1.fc44.src.rpm	Fedora Koji	https://kojipkgs.fedoraproject.org/packages/libnetfilter_conntrack/1.1.1/1.fc44/src/libnetfilter_conntrack-1.1.1-1.fc44.src.rpm	HTTP range + RPM magic
libnfnetlink-1.0.1-32.fc44.src.rpm	Fedora Koji	https://kojipkgs.fedoraproject.org/packages/libnfnetlink/1.0.1/32.fc44/src/libnfnetlink-1.0.1-32.fc44.src.rpm	HTTP range + RPM magic
libnftnl-1.3.1-2.fc44.src.rpm	Fedora Koji	https://kojipkgs.fedoraproject.org/packages/libnftnl/1.3.1/2.fc44/src/libnftnl-1.3.1-2.fc44.src.rpm	HTTP range + RPM magic
libnice-0.1.23-2.fc44.src.rpm	Fedora Koji	https://kojipkgs.fedoraproject.org/packages/libnice/0.1.23/2.fc44/src/libnice-0.1.23-2.fc44.src.rpm	HTTP range + RPM magic
libnl3-3.12.0-3.fc44.src.rpm	Fedora Koji	https://kojipkgs.fedoraproject.org/packages/libnl3/3.12.0/3.fc44/src/libnl3-3.12.0-3.fc44.src.rpm	HTTP range + RPM magic
libnotify-0.8.8-1.fc44.src.rpm	Fedora Koji	https://kojipkgs.fedoraproject.org/packages/libnotify/0.8.8/1.fc44/src/libnotify-0.8.8-1.fc44.src.rpm	HTTP range + RPM magic
libnsl2-2.0.1-5.fc44.src.rpm	Fedora Koji	https://kojipkgs.fedoraproject.org/packages/libnsl2/2.0.1/5.fc44/src/libnsl2-2.0.1-5.fc44.src.rpm	HTTP range + RPM magic
libntlm-1.8-4.fc44.src.rpm	Fedora Koji	https://kojipkgs.fedoraproject.org/packages/libntlm/1.8/4.fc44/src/libntlm-1.8-4.fc44.src.rpm	HTTP range + RPM magic
libnvme-1.16.2-1.fc44.src.rpm	Fedora Koji	https://kojipkgs.fedoraproject.org/packages/libnvme/1.16.2/1.fc44/src/libnvme-1.16.2-1.fc44.src.rpm	HTTP range + RPM magic
libogg-1.3.6-2.fc44.src.rpm	Fedora Koji	https://kojipkgs.fedoraproject.org/packages/libogg/1.3.6/2.fc44/src/libogg-1.3.6-2.fc44.src.rpm	HTTP range + RPM magic
libolm-3.2.16-11.fc44.src.rpm	Fedora Koji	https://kojipkgs.fedoraproject.org/packages/libolm/3.2.16/11.fc44/src/libolm-3.2.16-11.fc44.src.rpm	HTTP range + RPM magic
libopenmpt-0.8.9-1.fc44.src.rpm	Fedora Koji	https://kojipkgs.fedoraproject.org/packages/libopenmpt/0.8.9/1.fc44/src/libopenmpt-0.8.9-1.fc44.src.rpm	HTTP range + RPM magic
libpaper-2.1.1-10.fc44.src.rpm	Fedora Koji	https://kojipkgs.fedoraproject.org/packages/libpaper/2.1.1/10.fc44/src/libpaper-2.1.1-10.fc44.src.rpm	HTTP range + RPM magic
libpcap-1.10.6-2.fc44.src.rpm	Fedora Koji	https://kojipkgs.fedoraproject.org/packages/libpcap/1.10.6/2.fc44/src/libpcap-1.10.6-2.fc44.src.rpm	HTTP range + RPM magic
libpciaccess-0.16-17.fc44.src.rpm	Fedora Koji	https://kojipkgs.fedoraproject.org/packages/libpciaccess/0.16/17.fc44/src/libpciaccess-0.16-17.fc44.src.rpm	HTTP range + RPM magic
libpfm-4.13.0-20.fc44.src.rpm	Fedora Koji	https://kojipkgs.fedoraproject.org/packages/libpfm/4.13.0/20.fc44/src/libpfm-4.13.0-20.fc44.src.rpm	HTTP range + RPM magic
libplacebo-7.360.1-3.fc44.src.rpm	Fedora Koji	https://kojipkgs.fedoraproject.org/packages/libplacebo/7.360.1/3.fc44/src/libplacebo-7.360.1-3.fc44.src.rpm	HTTP range + RPM magic
libplasma-6.7.4-1.fc44.src.rpm	Fedora Koji	https://kojipkgs.fedoraproject.org/packages/libplasma/6.7.4/1.fc44/src/libplasma-6.7.4-1.fc44.src.rpm	HTTP range + RPM magic
libplist-2.7.0-1.fc44.src.rpm	Fedora Koji	https://kojipkgs.fedoraproject.org/packages/libplist/2.7.0/1.fc44/src/libplist-2.7.0-1.fc44.src.rpm	HTTP range + RPM magic
libpng-1.6.58-1.fc44.src.rpm	Fedora Koji	https://kojipkgs.fedoraproject.org/packages/libpng/1.6.58/1.fc44/src/libpng-1.6.58-1.fc44.src.rpm	HTTP range + RPM magic
libppd-2.1.1-3.fc44.src.rpm	Fedora Koji	https://kojipkgs.fedoraproject.org/packages/libppd/2.1.1/3.fc44/src/libppd-2.1.1-3.fc44.src.rpm	HTTP range + RPM magic
libproxy-0.5.12-2.fc44.src.rpm	Fedora Koji	https://kojipkgs.fedoraproject.org/packages/libproxy/0.5.12/2.fc44/src/libproxy-0.5.12-2.fc44.src.rpm	HTTP range + RPM magic
libpsl-0.21.5-7.fc44.src.rpm	Fedora Koji	https://kojipkgs.fedoraproject.org/packages/libpsl/0.21.5/7.fc44/src/libpsl-0.21.5-7.fc44.src.rpm	HTTP range + RPM magic
libpwquality-1.4.5-15.fc44.src.rpm	Fedora Koji	https://kojipkgs.fedoraproject.org/packages/libpwquality/1.4.5/15.fc44/src/libpwquality-1.4.5-15.fc44.src.rpm	HTTP range + RPM magic
libqalculate-5.9.0-1.fc44.src.rpm	Fedora Koji	https://kojipkgs.fedoraproject.org/packages/libqalculate/5.9.0/1.fc44/src/libqalculate-5.9.0-1.fc44.src.rpm	HTTP range + RPM magic
libquotient-0.9.5-4.fc44.src.rpm	Fedora Koji	https://kojipkgs.fedoraproject.org/packages/libquotient/0.9.5/4.fc44/src/libquotient-0.9.5-4.fc44.src.rpm	HTTP range + RPM magic
librabbitmq-0.17.0-1.fc44.src.rpm	Fedora Koji	https://kojipkgs.fedoraproject.org/packages/librabbitmq/0.17.0/1.fc44/src/librabbitmq-0.17.0-1.fc44.src.rpm	HTTP range + RPM magic
librepo-1.21.0-2.fc44.src.rpm	Fedora Koji	https://kojipkgs.fedoraproject.org/packages/librepo/1.21.0/2.fc44/src/librepo-1.21.0-2.fc44.src.rpm	HTTP range + RPM magic
libreport-2.17.15-10.fc44.src.rpm	Fedora Koji	https://kojipkgs.fedoraproject.org/packages/libreport/2.17.15/10.fc44/src/libreport-2.17.15-10.fc44.src.rpm	HTTP range + RPM magic
libreswan-5.3.2-2.fc44.src.rpm	Fedora Koji	https://kojipkgs.fedoraproject.org/packages/libreswan/5.3.2/2.fc44/src/libreswan-5.3.2-2.fc44.src.rpm	HTTP range + RPM magic
librime-1.16.1-2.fc44.src.rpm	Fedora Koji	https://kojipkgs.fedoraproject.org/packages/librime/1.16.1/2.fc44/src/librime-1.16.1-2.fc44.src.rpm	HTTP range + RPM magic
librist-0.2.11-1.fc44.src.rpm	Fedora Koji	https://kojipkgs.fedoraproject.org/packages/librist/0.2.11/1.fc44/src/librist-0.2.11-1.fc44.src.rpm	HTTP range + RPM magic
librsvg2-2.62.3-1.fc44.src.rpm	Fedora Koji	https://kojipkgs.fedoraproject.org/packages/librsvg2/2.62.3/1.fc44/src/librsvg2-2.62.3-1.fc44.src.rpm	HTTP range + RPM magic
libsamplerate-0.2.2-12.fc44.src.rpm	Fedora Koji	https://kojipkgs.fedoraproject.org/packages/libsamplerate/0.2.2/12.fc44/src/libsamplerate-0.2.2-12.fc44.src.rpm	HTTP range + RPM magic
libseccomp-2.6.1-2.fc44.src.rpm	Fedora Koji	https://kojipkgs.fedoraproject.org/packages/libseccomp/2.6.1/2.fc44/src/libseccomp-2.6.1-2.fc44.src.rpm	HTTP range + RPM magic
libsecret-0.21.7-10.fc44.src.rpm	Fedora Koji	https://kojipkgs.fedoraproject.org/packages/libsecret/0.21.7/10.fc44/src/libsecret-0.21.7-10.fc44.src.rpm	HTTP range + RPM magic
libselinux-3.11-1.fc44.src.rpm	Fedora Koji	https://kojipkgs.fedoraproject.org/packages/libselinux/3.11/1.fc44/src/libselinux-3.11-1.fc44.src.rpm	HTTP range + RPM magic
libsemanage-3.11-1.fc44.src.rpm	Fedora Koji	https://kojipkgs.fedoraproject.org/packages/libsemanage/3.11/1.fc44/src/libsemanage-3.11-1.fc44.src.rpm	HTTP range + RPM magic
libsepol-3.11-1.fc44.src.rpm	Fedora Koji	https://kojipkgs.fedoraproject.org/packages/libsepol/3.11/1.fc44/src/libsepol-3.11-1.fc44.src.rpm	HTTP range + RPM magic
libshout-2.4.6-10.fc44.src.rpm	Fedora Koji	https://kojipkgs.fedoraproject.org/packages/libshout/2.4.6/10.fc44/src/libshout-2.4.6-10.fc44.src.rpm	HTTP range + RPM magic
libsndfile-1.2.2-11.fc44.src.rpm	Fedora Koji	https://kojipkgs.fedoraproject.org/packages/libsndfile/1.2.2/11.fc44/src/libsndfile-1.2.2-11.fc44.src.rpm	HTTP range + RPM magic
libsodium-1.0.22-1.fc44.src.rpm	Fedora Koji	https://kojipkgs.fedoraproject.org/packages/libsodium/1.0.22/1.fc44/src/libsodium-1.0.22-1.fc44.src.rpm	HTTP range + RPM magic
libsolv-0.7.39-1.fc44.src.rpm	Fedora Koji	https://kojipkgs.fedoraproject.org/packages/libsolv/0.7.39/1.fc44/src/libsolv-0.7.39-1.fc44.src.rpm	HTTP range + RPM magic
libsoup3-3.6.6-9.fc44.src.rpm	Fedora Koji	https://kojipkgs.fedoraproject.org/packages/libsoup3/3.6.6/9.fc44/src/libsoup3-3.6.6-9.fc44.src.rpm	HTTP range + RPM magic
libspectre-0.2.12-11.fc44.src.rpm	Fedora Koji	https://kojipkgs.fedoraproject.org/packages/libspectre/0.2.12/11.fc44/src/libspectre-0.2.12-11.fc44.src.rpm	HTTP range + RPM magic
libsrtp-2.8.0-1.fc44.src.rpm	Fedora Koji	https://kojipkgs.fedoraproject.org/packages/libsrtp/2.8.0/1.fc44/src/libsrtp-2.8.0-1.fc44.src.rpm	HTTP range + RPM magic
libssh-0.12.2-1.fc44.src.rpm	Fedora Koji	https://kojipkgs.fedoraproject.org/packages/libssh/0.12.2/1.fc44/src/libssh-0.12.2-1.fc44.src.rpm	HTTP range + RPM magic
libtalloc-2.4.4-1.fc44.src.rpm	Fedora Koji	https://kojipkgs.fedoraproject.org/packages/libtalloc/2.4.4/1.fc44/src/libtalloc-2.4.4-1.fc44.src.rpm	HTTP range + RPM magic
libtasn1-4.21.0-1.fc44.src.rpm	Fedora Koji	https://kojipkgs.fedoraproject.org/packages/libtasn1/4.21.0/1.fc44/src/libtasn1-4.21.0-1.fc44.src.rpm	HTTP range + RPM magic
libtdb-1.4.15-1.fc44.src.rpm	Fedora Koji	https://kojipkgs.fedoraproject.org/packages/libtdb/1.4.15/1.fc44/src/libtdb-1.4.15-1.fc44.src.rpm	HTTP range + RPM magic
libtevent-0.17.1-4.fc44.src.rpm	Fedora Koji	https://kojipkgs.fedoraproject.org/packages/libtevent/0.17.1/4.fc44/src/libtevent-0.17.1-4.fc44.src.rpm	HTTP range + RPM magic
libthai-0.1.30-2.fc44.src.rpm	Fedora Koji	https://kojipkgs.fedoraproject.org/packages/libthai/0.1.30/2.fc44/src/libthai-0.1.30-2.fc44.src.rpm	HTTP range + RPM magic
libtheora-1.1.1-41.fc44.src.rpm	Fedora Koji	https://kojipkgs.fedoraproject.org/packages/libtheora/1.1.1/41.fc44/src/libtheora-1.1.1-41.fc44.src.rpm	HTTP range + RPM magic
libtiff-4.7.2-1.fc44.src.rpm	Fedora Koji	https://kojipkgs.fedoraproject.org/packages/libtiff/4.7.2/1.fc44/src/libtiff-4.7.2-1.fc44.src.rpm	HTTP range + RPM magic
libtirpc-1.3.7-2.fc44.src.rpm	Fedora Koji	https://kojipkgs.fedoraproject.org/packages/libtirpc/1.3.7/2.fc44/src/libtirpc-1.3.7-2.fc44.src.rpm	HTTP range + RPM magic
libtool-2.5.4-10.fc44.src.rpm	Fedora Koji	https://kojipkgs.fedoraproject.org/packages/libtool/2.5.4/10.fc44/src/libtool-2.5.4-10.fc44.src.rpm	HTTP range + RPM magic
libudfread-1.2.0-3.fc44.src.rpm	Fedora Koji	https://kojipkgs.fedoraproject.org/packages/libudfread/1.2.0/3.fc44/src/libudfread-1.2.0-3.fc44.src.rpm	HTTP range + RPM magic
libunibreak-6.1-5.fc44.src.rpm	Fedora Koji	https://kojipkgs.fedoraproject.org/packages/libunibreak/6.1/5.fc44/src/libunibreak-6.1-5.fc44.src.rpm	HTTP range + RPM magic
libunistring-1.1-11.fc44.src.rpm	Fedora Koji	https://kojipkgs.fedoraproject.org/packages/libunistring/1.1/11.fc44/src/libunistring-1.1-11.fc44.src.rpm	HTTP range + RPM magic
libunwind-1.8.3-1.fc44.src.rpm	Fedora Koji	https://kojipkgs.fedoraproject.org/packages/libunwind/1.8.3/1.fc44/src/libunwind-1.8.3-1.fc44.src.rpm	HTTP range + RPM magic
libusb1-1.0.30-1.fc44.src.rpm	Fedora Koji	https://kojipkgs.fedoraproject.org/packages/libusb1/1.0.30/1.fc44/src/libusb1-1.0.30-1.fc44.src.rpm	HTTP range + RPM magic
libusbmuxd-2.1.1-1.fc44.src.rpm	Fedora Koji	https://kojipkgs.fedoraproject.org/packages/libusbmuxd/2.1.1/1.fc44/src/libusbmuxd-2.1.1-1.fc44.src.rpm	HTTP range + RPM magic
libuser-0.64-17.fc44.src.rpm	Fedora Koji	https://kojipkgs.fedoraproject.org/packages/libuser/0.64/17.fc44/src/libuser-0.64-17.fc44.src.rpm	HTTP range + RPM magic
libutempter-1.2.1-20.fc44.src.rpm	Fedora Koji	https://kojipkgs.fedoraproject.org/packages/libutempter/1.2.1/20.fc44/src/libutempter-1.2.1-20.fc44.src.rpm	HTTP range + RPM magic
libva-2.23.0-3.fc44.src.rpm	Fedora Koji	https://kojipkgs.fedoraproject.org/packages/libva/2.23.0/3.fc44/src/libva-2.23.0-3.fc44.src.rpm	HTTP range + RPM magic
libvdpau-1.5-11.fc44.src.rpm	Fedora Koji	https://kojipkgs.fedoraproject.org/packages/libvdpau/1.5/11.fc44/src/libvdpau-1.5-11.fc44.src.rpm	HTTP range + RPM magic
libverto-0.3.2-12.fc44.src.rpm	Fedora Koji	https://kojipkgs.fedoraproject.org/packages/libverto/0.3.2/12.fc44/src/libverto-0.3.2-12.fc44.src.rpm	HTTP range + RPM magic
libvisual-0.4.2-4.fc44.src.rpm	Fedora Koji	https://kojipkgs.fedoraproject.org/packages/libvisual/0.4.2/4.fc44/src/libvisual-0.4.2-4.fc44.src.rpm	HTTP range + RPM magic
libvncserver-0.9.15-6.fc44.src.rpm	Fedora Koji	https://kojipkgs.fedoraproject.org/packages/libvncserver/0.9.15/6.fc44/src/libvncserver-0.9.15-6.fc44.src.rpm	HTTP range + RPM magic
libvorbis-1.3.7-14.fc44.src.rpm	Fedora Koji	https://kojipkgs.fedoraproject.org/packages/libvorbis/1.3.7/14.fc44/src/libvorbis-1.3.7-14.fc44.src.rpm	HTTP range + RPM magic
libvpx-1.15.0-5.fc44.src.rpm	Fedora Koji	https://kojipkgs.fedoraproject.org/packages/libvpx/1.15.0/5.fc44/src/libvpx-1.15.0-5.fc44.src.rpm	HTTP range + RPM magic
libwacom-2.19.0-1.fc44.src.rpm	Fedora Koji	https://kojipkgs.fedoraproject.org/packages/libwacom/2.19.0/1.fc44/src/libwacom-2.19.0-1.fc44.src.rpm	HTTP range + RPM magic
libwebp-1.6.0-3.fc44.src.rpm	Fedora Koji	https://kojipkgs.fedoraproject.org/packages/libwebp/1.6.0/3.fc44/src/libwebp-1.6.0-3.fc44.src.rpm	HTTP range + RPM magic
libxcb-1.17.0-7.fc44.src.rpm	Fedora Koji	https://kojipkgs.fedoraproject.org/packages/libxcb/1.17.0/7.fc44/src/libxcb-1.17.0-7.fc44.src.rpm	HTTP range + RPM magic
libxcrypt-4.5.2-3.fc44.src.rpm	Fedora Koji	https://kojipkgs.fedoraproject.org/packages/libxcrypt/4.5.2/3.fc44/src/libxcrypt-4.5.2-3.fc44.src.rpm	HTTP range + RPM magic
libxcvt-0.1.2-11.fc44.src.rpm	Fedora Koji	https://kojipkgs.fedoraproject.org/packages/libxcvt/0.1.2/11.fc44/src/libxcvt-0.1.2-11.fc44.src.rpm	HTTP range + RPM magic
libxkbcommon-1.13.1-2.fc44.src.rpm	Fedora Koji	https://kojipkgs.fedoraproject.org/packages/libxkbcommon/1.13.1/2.fc44/src/libxkbcommon-1.13.1-2.fc44.src.rpm	HTTP range + RPM magic
libxkbfile-1.1.3-5.fc44.src.rpm	Fedora Koji	https://kojipkgs.fedoraproject.org/packages/libxkbfile/1.1.3/5.fc44/src/libxkbfile-1.1.3-5.fc44.src.rpm	HTTP range + RPM magic
libxml2-2.12.10-6.fc44.src.rpm	Fedora Koji	https://kojipkgs.fedoraproject.org/packages/libxml2/2.12.10/6.fc44/src/libxml2-2.12.10-6.fc44.src.rpm	HTTP range + RPM magic
libxmlb-0.3.29-1.fc44.src.rpm	Fedora Koji	https://kojipkgs.fedoraproject.org/packages/libxmlb/0.3.29/1.fc44/src/libxmlb-0.3.29-1.fc44.src.rpm	HTTP range + RPM magic
libxshmfence-1.3.2-8.fc44.src.rpm	Fedora Koji	https://kojipkgs.fedoraproject.org/packages/libxshmfence/1.3.2/8.fc44/src/libxshmfence-1.3.2-8.fc44.src.rpm	HTTP range + RPM magic
libxslt-1.1.43-6.fc44.src.rpm	Fedora Koji	https://kojipkgs.fedoraproject.org/packages/libxslt/1.1.43/6.fc44/src/libxslt-1.1.43-6.fc44.src.rpm	HTTP range + RPM magic
libyaml-0.2.5-18.fc44.src.rpm	Fedora Koji	https://kojipkgs.fedoraproject.org/packages/libyaml/0.2.5/18.fc44/src/libyaml-0.2.5-18.fc44.src.rpm	HTTP range + RPM magic
libyuv-0-0.61.20260213git6067afd.fc44.src.rpm	Fedora Koji	https://kojipkgs.fedoraproject.org/packages/libyuv/0/0.61.20260213git6067afd.fc44/src/libyuv-0-0.61.20260213git6067afd.fc44.src.rpm	HTTP range + RPM magic
libzip-1.11.4-3.fc44.src.rpm	Fedora Koji	https://kojipkgs.fedoraproject.org/packages/libzip/1.11.4/3.fc44/src/libzip-1.11.4-3.fc44.src.rpm	HTTP range + RPM magic
lilv-0.26.4-1.fc44.src.rpm	Fedora Koji	https://kojipkgs.fedoraproject.org/packages/lilv/0.26.4/1.fc44/src/lilv-0.26.4-1.fc44.src.rpm	HTTP range + RPM magic
linux-atm-2.5.1-46.fc44.src.rpm	Fedora Koji	https://kojipkgs.fedoraproject.org/packages/linux-atm/2.5.1/46.fc44/src/linux-atm-2.5.1-46.fc44.src.rpm	HTTP range + RPM magic
linux-firmware-20260810-1.fc44.src.rpm	Fedora Koji	https://kojipkgs.fedoraproject.org/packages/linux-firmware/20260810/1.fc44/src/linux-firmware-20260810-1.fc44.src.rpm	HTTP range + RPM magic
llvm-22.1.8-4.fc44.src.rpm	Fedora Koji	https://kojipkgs.fedoraproject.org/packages/llvm/22.1.8/4.fc44/src/llvm-22.1.8-4.fc44.src.rpm	HTTP range + RPM magic
lm_sensors-3.6.0-24.fc44.src.rpm	Fedora Koji	https://kojipkgs.fedoraproject.org/packages/lm_sensors/3.6.0/24.fc44/src/lm_sensors-3.6.0-24.fc44.src.rpm	HTTP range + RPM magic
lmdb-0.9.34-2.fc44.src.rpm	Fedora Koji	https://kojipkgs.fedoraproject.org/packages/lmdb/0.9.34/2.fc44/src/lmdb-0.9.34-2.fc44.src.rpm	HTTP range + RPM magic
logrotate-3.22.0-5.fc44.src.rpm	Fedora Koji	https://kojipkgs.fedoraproject.org/packages/logrotate/3.22.0/5.fc44/src/logrotate-3.22.0-5.fc44.src.rpm	HTTP range + RPM magic
lpcnetfreedv-0.5-10.fc44.src.rpm	Fedora Koji	https://kojipkgs.fedoraproject.org/packages/lpcnetfreedv/0.5/10.fc44/src/lpcnetfreedv-0.5-10.fc44.src.rpm	HTTP range + RPM magic
lsof-4.98.0-9.fc44.src.rpm	Fedora Koji	https://kojipkgs.fedoraproject.org/packages/lsof/4.98.0/9.fc44/src/lsof-4.98.0-9.fc44.src.rpm	HTTP range + RPM magic
lua-5.4.8-5.fc44.src.rpm	Fedora Koji	https://kojipkgs.fedoraproject.org/packages/lua/5.4.8/5.fc44/src/lua-5.4.8-5.fc44.src.rpm	HTTP range + RPM magic
lvm2-2.03.38-2.fc44.src.rpm	Fedora Koji	https://kojipkgs.fedoraproject.org/packages/lvm2/2.03.38/2.fc44/src/lvm2-2.03.38-2.fc44.src.rpm	HTTP range + RPM magic
lz4-1.10.0-4.fc44.src.rpm	Fedora Koji	https://kojipkgs.fedoraproject.org/packages/lz4/1.10.0/4.fc44/src/lz4-1.10.0-4.fc44.src.rpm	HTTP range + RPM magic
lzo-2.10-16.fc44.src.rpm	Fedora Koji	https://kojipkgs.fedoraproject.org/packages/lzo/2.10/16.fc44/src/lzo-2.10-16.fc44.src.rpm	HTTP range + RPM magic
malcontent-0.14.0-1.fc44.src.rpm	Fedora Koji	https://kojipkgs.fedoraproject.org/packages/malcontent/0.14.0/1.fc44/src/malcontent-0.14.0-1.fc44.src.rpm	HTTP range + RPM magic
mariadb-connector-c-3.4.9-2.fc44.src.rpm	Fedora Koji	https://kojipkgs.fedoraproject.org/packages/mariadb-connector-c/3.4.9/2.fc44/src/mariadb-connector-c-3.4.9-2.fc44.src.rpm	HTTP range + RPM magic
mariadb11.8-11.8.8-3.fc44.src.rpm	Fedora Koji	https://kojipkgs.fedoraproject.org/packages/mariadb11.8/11.8.8/3.fc44/src/mariadb11.8-11.8.8-3.fc44.src.rpm	HTTP range + RPM magic
marisa-0.3.0-7.fc44.src.rpm	Fedora Koji	https://kojipkgs.fedoraproject.org/packages/marisa/0.3.0/7.fc44/src/marisa-0.3.0-7.fc44.src.rpm	HTTP range + RPM magic
mdadm-4.3-11.fc44.src.rpm	Fedora Koji	https://kojipkgs.fedoraproject.org/packages/mdadm/4.3/11.fc44/src/mdadm-4.3-11.fc44.src.rpm	HTTP range + RPM magic
mesa-26.1.8-1.fc44.src.rpm	Fedora Koji	https://kojipkgs.fedoraproject.org/packages/mesa/26.1.8/1.fc44/src/mesa-26.1.8-1.fc44.src.rpm	HTTP range + RPM magic
mesa-demos-9.0.0-11.fc44.src.rpm	Fedora Koji	https://kojipkgs.fedoraproject.org/packages/mesa-demos/9.0.0/11.fc44/src/mesa-demos-9.0.0-11.fc44.src.rpm	HTTP range + RPM magic
minizip-ng-4.1.0-1.fc44.src.rpm	Fedora Koji	https://kojipkgs.fedoraproject.org/packages/minizip-ng/4.1.0/1.fc44/src/minizip-ng-4.1.0-1.fc44.src.rpm	HTTP range + RPM magic
mozilla-filesystem-1.9-38.fc44.src.rpm	Fedora Koji	https://kojipkgs.fedoraproject.org/packages/mozilla-filesystem/1.9/38.fc44/src/mozilla-filesystem-1.9-38.fc44.src.rpm	HTTP range + RPM magic
mpdecimal-4.0.1-3.fc44.src.rpm	Fedora Koji	https://kojipkgs.fedoraproject.org/packages/mpdecimal/4.0.1/3.fc44/src/mpdecimal-4.0.1-3.fc44.src.rpm	HTTP range + RPM magic
mpfr-4.2.2-3.fc44.src.rpm	Fedora Koji	https://kojipkgs.fedoraproject.org/packages/mpfr/4.2.2/3.fc44/src/mpfr-4.2.2-3.fc44.src.rpm	HTTP range + RPM magic
mpg123-1.32.10-3.fc44.src.rpm	Fedora Koji	https://kojipkgs.fedoraproject.org/packages/mpg123/1.32.10/3.fc44/src/mpg123-1.32.10-3.fc44.src.rpm	HTTP range + RPM magic
mtdev-1.1.6-12.fc44.src.rpm	Fedora Koji	https://kojipkgs.fedoraproject.org/packages/mtdev/1.1.6/12.fc44/src/mtdev-1.1.6-12.fc44.src.rpm	HTTP range + RPM magic
ncurses-6.6-1.fc44.src.rpm	Fedora Koji	https://kojipkgs.fedoraproject.org/packages/ncurses/6.6/1.fc44/src/ncurses-6.6-1.fc44.src.rpm	HTTP range + RPM magic
neochat-26.08.0-1.fc44.src.rpm	Fedora Koji	https://kojipkgs.fedoraproject.org/packages/neochat/26.08.0/1.fc44/src/neochat-26.08.0-1.fc44.src.rpm	HTTP range + RPM magic
neon-0.37.1-1.fc44.src.rpm	Fedora Koji	https://kojipkgs.fedoraproject.org/packages/neon/0.37.1/1.fc44/src/neon-0.37.1-1.fc44.src.rpm	HTTP range + RPM magic
netavark-1.17.2-1.fc44.src.rpm	Fedora Koji	https://kojipkgs.fedoraproject.org/packages/netavark/1.17.2/1.fc44/src/netavark-1.17.2-1.fc44.src.rpm	HTTP range + RPM magic
nettle-3.10.1-3.fc44.src.rpm	Fedora Koji	https://kojipkgs.fedoraproject.org/packages/nettle/3.10.1/3.fc44/src/nettle-3.10.1-3.fc44.src.rpm	HTTP range + RPM magic
nftables-1.1.6-2.fc44.src.rpm	Fedora Koji	https://kojipkgs.fedoraproject.org/packages/nftables/1.1.6/2.fc44/src/nftables-1.1.6-2.fc44.src.rpm	HTTP range + RPM magic
nghttp2-1.68.0-5.fc44.src.rpm	Fedora Koji	https://kojipkgs.fedoraproject.org/packages/nghttp2/1.68.0/5.fc44/src/nghttp2-1.68.0-5.fc44.src.rpm	HTTP range + RPM magic
ngtcp2-1.22.1-1.fc44.src.rpm	Fedora Koji	https://kojipkgs.fedoraproject.org/packages/ngtcp2/1.22.1/1.fc44/src/ngtcp2-1.22.1-1.fc44.src.rpm	HTTP range + RPM magic
noopenh264-2.6.0-4.fc44.src.rpm	Fedora Koji	https://kojipkgs.fedoraproject.org/packages/noopenh264/2.6.0/4.fc44/src/noopenh264-2.6.0-4.fc44.src.rpm	HTTP range + RPM magic
npth-1.8-4.fc44.src.rpm	Fedora Koji	https://kojipkgs.fedoraproject.org/packages/npth/1.8/4.fc44/src/npth-1.8-4.fc44.src.rpm	HTTP range + RPM magic
nss-3.127.0-1.fc44.src.rpm	Fedora Koji	https://kojipkgs.fedoraproject.org/packages/nss/3.127.0/1.fc44/src/nss-3.127.0-1.fc44.src.rpm	HTTP range + RPM magic
nss-mdns-0.15.1-28.fc44.src.rpm	Fedora Koji	https://kojipkgs.fedoraproject.org/packages/nss-mdns/0.15.1/28.fc44/src/nss-mdns-0.15.1-28.fc44.src.rpm	HTTP range + RPM magic
oath-toolkit-2.6.14-1.fc44.src.rpm	Fedora Koji	https://kojipkgs.fedoraproject.org/packages/oath-toolkit/2.6.14/1.fc44/src/oath-toolkit-2.6.14-1.fc44.src.rpm	HTTP range + RPM magic
ocean-sound-theme-6.7.4-1.fc44.src.rpm	Fedora Koji	https://kojipkgs.fedoraproject.org/packages/ocean-sound-theme/6.7.4/1.fc44/src/ocean-sound-theme-6.7.4-1.fc44.src.rpm	HTTP range + RPM magic
okular-26.08.0-2.fc44.src.rpm	Fedora Koji	https://kojipkgs.fedoraproject.org/packages/okular/26.08.0/2.fc44/src/okular-26.08.0-2.fc44.src.rpm	HTTP range + RPM magic
oniguruma-6.9.10-4.fc44.src.rpm	Fedora Koji	https://kojipkgs.fedoraproject.org/packages/oniguruma/6.9.10/4.fc44/src/oniguruma-6.9.10-4.fc44.src.rpm	HTTP range + RPM magic
openal-soft-1.24.2-6.fc44.src.rpm	Fedora Koji	https://kojipkgs.fedoraproject.org/packages/openal-soft/1.24.2/6.fc44/src/openal-soft-1.24.2-6.fc44.src.rpm	HTTP range + RPM magic
openapv-0.2.1.2-1.fc44.src.rpm	Fedora Koji	https://kojipkgs.fedoraproject.org/packages/openapv/0.2.1.2/1.fc44/src/openapv-0.2.1.2-1.fc44.src.rpm	HTTP range + RPM magic
openblas-0.3.29-2.fc43.src.rpm	Fedora Koji	https://kojipkgs.fedoraproject.org/packages/openblas/0.3.29/2.fc43/src/openblas-0.3.29-2.fc43.src.rpm	HTTP range + RPM magic
opencc-1.1.9-7.fc44.src.rpm	Fedora Koji	https://kojipkgs.fedoraproject.org/packages/opencc/1.1.9/7.fc44/src/opencc-1.1.9-7.fc44.src.rpm	HTTP range + RPM magic
openconnect-9.12-11.fc44.src.rpm	Fedora Koji	https://kojipkgs.fedoraproject.org/packages/openconnect/9.12/11.fc44/src/openconnect-9.12-11.fc44.src.rpm	HTTP range + RPM magic
opencore-amr-0.1.6-10.fc44.src.rpm	Fedora Koji	https://kojipkgs.fedoraproject.org/packages/opencore-amr/0.1.6/10.fc44/src/opencore-amr-0.1.6-10.fc44.src.rpm	HTTP range + RPM magic
opencv-4.13.0-1.fc44.src.rpm	Fedora Koji	https://kojipkgs.fedoraproject.org/packages/opencv/4.13.0/1.fc44/src/opencv-4.13.0-1.fc44.src.rpm	HTTP range + RPM magic
openexr-3.2.4-7.fc44.src.rpm	Fedora Koji	https://kojipkgs.fedoraproject.org/packages/openexr/3.2.4/7.fc44/src/openexr-3.2.4-7.fc44.src.rpm	HTTP range + RPM magic
openjpeg-2.5.4-3.fc44.src.rpm	Fedora Koji	https://kojipkgs.fedoraproject.org/packages/openjpeg/2.5.4/3.fc44/src/openjpeg-2.5.4-3.fc44.src.rpm	HTTP range + RPM magic
openjph-0.25.3-3.fc44.src.rpm	Fedora Koji	https://kojipkgs.fedoraproject.org/packages/openjph/0.25.3/3.fc44/src/openjph-0.25.3-3.fc44.src.rpm	HTTP range + RPM magic
openldap-2.6.14-1.fc44.src.rpm	Fedora Koji	https://kojipkgs.fedoraproject.org/packages/openldap/2.6.14/1.fc44/src/openldap-2.6.14-1.fc44.src.rpm	HTTP range + RPM magic
openpgm-5.3.128-6.fc44.src.rpm	Fedora Koji	https://kojipkgs.fedoraproject.org/packages/openpgm/5.3.128/6.fc44/src/openpgm-5.3.128-6.fc44.src.rpm	HTTP range + RPM magic
openssh-10.2p1-14.fc44.src.rpm	Fedora Koji	https://kojipkgs.fedoraproject.org/packages/openssh/10.2p1/14.fc44/src/openssh-10.2p1-14.fc44.src.rpm	HTTP range + RPM magic
openssl-3.5.8-1.fc44.src.rpm	Fedora Koji	https://kojipkgs.fedoraproject.org/packages/openssl/3.5.8/1.fc44/src/openssl-3.5.8-1.fc44.src.rpm	HTTP range + RPM magic
openvpn-2.7.6-1.fc44.src.rpm	Fedora Koji	https://kojipkgs.fedoraproject.org/packages/openvpn/2.7.6/1.fc44/src/openvpn-2.7.6-1.fc44.src.rpm	HTTP range + RPM magic
openxr-1.1.63-1.fc44.src.rpm	Fedora Koji	https://kojipkgs.fedoraproject.org/packages/openxr/1.1.63/1.fc44/src/openxr-1.1.63-1.fc44.src.rpm	HTTP range + RPM magic
opus-1.6-2.fc44.src.rpm	Fedora Koji	https://kojipkgs.fedoraproject.org/packages/opus/1.6/2.fc44/src/opus-1.6-2.fc44.src.rpm	HTTP range + RPM magic
orc-0.4.41-3.fc44.src.rpm	Fedora Koji	https://kojipkgs.fedoraproject.org/packages/orc/0.4.41/3.fc44/src/orc-0.4.41-3.fc44.src.rpm	HTTP range + RPM magic
ostree-2026.4-1.fc44.src.rpm	Fedora Koji	https://kojipkgs.fedoraproject.org/packages/ostree/2026.4/1.fc44/src/ostree-2026.4-1.fc44.src.rpm	HTTP range + RPM magic
p11-kit-0.26.5-1.fc44.src.rpm	Fedora Koji	https://kojipkgs.fedoraproject.org/packages/p11-kit/0.26.5/1.fc44/src/p11-kit-0.26.5-1.fc44.src.rpm	HTTP range + RPM magic
pam-1.7.2-2.fc44.src.rpm	Fedora Koji	https://kojipkgs.fedoraproject.org/packages/pam/1.7.2/2.fc44/src/pam-1.7.2-2.fc44.src.rpm	HTTP range + RPM magic
pam-kwallet-6.7.4-1.fc44.src.rpm	Fedora Koji	https://kojipkgs.fedoraproject.org/packages/pam-kwallet/6.7.4/1.fc44/src/pam-kwallet-6.7.4-1.fc44.src.rpm	HTTP range + RPM magic
pango-1.57.1-1.fc44.src.rpm	Fedora Koji	https://kojipkgs.fedoraproject.org/packages/pango/1.57.1/1.fc44/src/pango-1.57.1-1.fc44.src.rpm	HTTP range + RPM magic
parted-3.6-14.fc44.src.rpm	Fedora Koji	https://kojipkgs.fedoraproject.org/packages/parted/3.6/14.fc44/src/parted-3.6-14.fc44.src.rpm	HTTP range + RPM magic
passim-0.1.12-1.fc44.src.rpm	Fedora Koji	https://kojipkgs.fedoraproject.org/packages/passim/0.1.12/1.fc44/src/passim-0.1.12-1.fc44.src.rpm	HTTP range + RPM magic
passt-0^20260728.gf8df3f1-2.fc44.src.rpm	Fedora Koji	https://kojipkgs.fedoraproject.org/packages/passt/0^20260728.gf8df3f1/2.fc44/src/passt-0^20260728.gf8df3f1-2.fc44.src.rpm	HTTP range + RPM magic
pciutils-3.15.0-1.fc44.src.rpm	Fedora Koji	https://kojipkgs.fedoraproject.org/packages/pciutils/3.15.0/1.fc44/src/pciutils-3.15.0-1.fc44.src.rpm	HTTP range + RPM magic
pcre2-10.47-1.fc44.1.src.rpm	Fedora Koji	https://kojipkgs.fedoraproject.org/packages/pcre2/10.47/1.fc44.1/src/pcre2-10.47-1.fc44.1.src.rpm	HTTP range + RPM magic
pcsc-lite-2.4.1-2.fc44.src.rpm	Fedora Koji	https://kojipkgs.fedoraproject.org/packages/pcsc-lite/2.4.1/2.fc44/src/pcsc-lite-2.4.1-2.fc44.src.rpm	HTTP range + RPM magic
phonon-4.12.0-11.fc44.src.rpm	Fedora Koji	https://kojipkgs.fedoraproject.org/packages/phonon/4.12.0/11.fc44/src/phonon-4.12.0-11.fc44.src.rpm	HTTP range + RPM magic
phonon-backend-vlc-0.12.0-8.fc44.src.rpm	Fedora Koji	https://kojipkgs.fedoraproject.org/packages/phonon-backend-vlc/0.12.0/8.fc44/src/phonon-backend-vlc-0.12.0-8.fc44.src.rpm	HTTP range + RPM magic
pinentry-1.3.2-3.fc44.src.rpm	Fedora Koji	https://kojipkgs.fedoraproject.org/packages/pinentry/1.3.2/3.fc44/src/pinentry-1.3.2-3.fc44.src.rpm	HTTP range + RPM magic
pipewire-1.6.8-1.fc44.src.rpm	Fedora Koji	https://kojipkgs.fedoraproject.org/packages/pipewire/1.6.8/1.fc44/src/pipewire-1.6.8-1.fc44.src.rpm	HTTP range + RPM magic
pixman-0.46.2-3.fc44.src.rpm	Fedora Koji	https://kojipkgs.fedoraproject.org/packages/pixman/0.46.2/3.fc44/src/pixman-0.46.2-3.fc44.src.rpm	HTTP range + RPM magic
pkcs11-helper-1.30.0-5.fc44.src.rpm	Fedora Koji	https://kojipkgs.fedoraproject.org/packages/pkcs11-helper/1.30.0/5.fc44/src/pkcs11-helper-1.30.0-5.fc44.src.rpm	HTTP range + RPM magic
pkgconf-2.5.1-1.fc44.src.rpm	Fedora Koji	https://kojipkgs.fedoraproject.org/packages/pkgconf/2.5.1/1.fc44/src/pkgconf-2.5.1-1.fc44.src.rpm	HTTP range + RPM magic
plasma-activities-6.7.4-1.fc44.src.rpm	Fedora Koji	https://kojipkgs.fedoraproject.org/packages/plasma-activities/6.7.4/1.fc44/src/plasma-activities-6.7.4-1.fc44.src.rpm	HTTP range + RPM magic
plasma-activities-stats-6.7.4-1.fc44.src.rpm	Fedora Koji	https://kojipkgs.fedoraproject.org/packages/plasma-activities-stats/6.7.4/1.fc44/src/plasma-activities-stats-6.7.4-1.fc44.src.rpm	HTTP range + RPM magic
plasma-breeze-6.7.4-2.fc44.src.rpm	Fedora Koji	https://kojipkgs.fedoraproject.org/packages/plasma-breeze/6.7.4/2.fc44/src/plasma-breeze-6.7.4-2.fc44.src.rpm	HTTP range + RPM magic
plasma-desktop-6.7.4-1.fc44.src.rpm	Fedora Koji	https://kojipkgs.fedoraproject.org/packages/plasma-desktop/6.7.4/1.fc44/src/plasma-desktop-6.7.4-1.fc44.src.rpm	HTTP range + RPM magic
plasma-discover-6.7.4-1.fc44.src.rpm	Fedora Koji	https://kojipkgs.fedoraproject.org/packages/plasma-discover/6.7.4/1.fc44/src/plasma-discover-6.7.4-1.fc44.src.rpm	HTTP range + RPM magic
plasma-disks-6.7.4-1.fc44.src.rpm	Fedora Koji	https://kojipkgs.fedoraproject.org/packages/plasma-disks/6.7.4/1.fc44/src/plasma-disks-6.7.4-1.fc44.src.rpm	HTTP range + RPM magic
plasma-drkonqi-6.7.4-1.fc44.src.rpm	Fedora Koji	https://kojipkgs.fedoraproject.org/packages/plasma-drkonqi/6.7.4/1.fc44/src/plasma-drkonqi-6.7.4-1.fc44.src.rpm	HTTP range + RPM magic
plasma-integration-6.7.4-1.fc44.src.rpm	Fedora Koji	https://kojipkgs.fedoraproject.org/packages/plasma-integration/6.7.4/1.fc44/src/plasma-integration-6.7.4-1.fc44.src.rpm	HTTP range + RPM magic
plasma-keyboard-6.7.4-1.fc44.src.rpm	Fedora Koji	https://kojipkgs.fedoraproject.org/packages/plasma-keyboard/6.7.4/1.fc44/src/plasma-keyboard-6.7.4-1.fc44.src.rpm	HTTP range + RPM magic
plasma-login-manager-6.7.4-1.fc44.src.rpm	Fedora Koji	https://kojipkgs.fedoraproject.org/packages/plasma-login-manager/6.7.4/1.fc44/src/plasma-login-manager-6.7.4-1.fc44.src.rpm	HTTP range + RPM magic
plasma-milou-6.7.4-1.fc44.src.rpm	Fedora Koji	https://kojipkgs.fedoraproject.org/packages/plasma-milou/6.7.4/1.fc44/src/plasma-milou-6.7.4-1.fc44.src.rpm	HTTP range + RPM magic
plasma-nm-6.7.4-1.fc44.src.rpm	Fedora Koji	https://kojipkgs.fedoraproject.org/packages/plasma-nm/6.7.4/1.fc44/src/plasma-nm-6.7.4-1.fc44.src.rpm	HTTP range + RPM magic
plasma-pa-6.7.4-1.fc44.src.rpm	Fedora Koji	https://kojipkgs.fedoraproject.org/packages/plasma-pa/6.7.4/1.fc44/src/plasma-pa-6.7.4-1.fc44.src.rpm	HTTP range + RPM magic
plasma-print-manager-6.7.4-1.fc44.src.rpm	Fedora Koji	https://kojipkgs.fedoraproject.org/packages/plasma-print-manager/6.7.4/1.fc44/src/plasma-print-manager-6.7.4-1.fc44.src.rpm	HTTP range + RPM magic
plasma-setup-6.7.4-1.fc44.src.rpm	Fedora Koji	https://kojipkgs.fedoraproject.org/packages/plasma-setup/6.7.4/1.fc44/src/plasma-setup-6.7.4-1.fc44.src.rpm	HTTP range + RPM magic
plasma-systemmonitor-6.7.4-1.fc44.src.rpm	Fedora Koji	https://kojipkgs.fedoraproject.org/packages/plasma-systemmonitor/6.7.4/1.fc44/src/plasma-systemmonitor-6.7.4-1.fc44.src.rpm	HTTP range + RPM magic
plasma-systemsettings-6.7.4-1.fc44.src.rpm	Fedora Koji	https://kojipkgs.fedoraproject.org/packages/plasma-systemsettings/6.7.4/1.fc44/src/plasma-systemsettings-6.7.4-1.fc44.src.rpm	HTTP range + RPM magic
plasma-thunderbolt-6.7.4-1.fc44.src.rpm	Fedora Koji	https://kojipkgs.fedoraproject.org/packages/plasma-thunderbolt/6.7.4/1.fc44/src/plasma-thunderbolt-6.7.4-1.fc44.src.rpm	HTTP range + RPM magic
plasma-vault-6.7.4-1.fc44.src.rpm	Fedora Koji	https://kojipkgs.fedoraproject.org/packages/plasma-vault/6.7.4/1.fc44/src/plasma-vault-6.7.4-1.fc44.src.rpm	HTTP range + RPM magic
plasma-welcome-6.7.4-1.fc44.src.rpm	Fedora Koji	https://kojipkgs.fedoraproject.org/packages/plasma-welcome/6.7.4/1.fc44/src/plasma-welcome-6.7.4-1.fc44.src.rpm	HTTP range + RPM magic
plasma-workspace-6.7.4-2.fc44.src.rpm	Fedora Koji	https://kojipkgs.fedoraproject.org/packages/plasma-workspace/6.7.4/2.fc44/src/plasma-workspace-6.7.4-2.fc44.src.rpm	HTTP range + RPM magic
plasma-workspace-wallpapers-6.7.4-1.fc44.src.rpm	Fedora Koji	https://kojipkgs.fedoraproject.org/packages/plasma-workspace-wallpapers/6.7.4/1.fc44/src/plasma-workspace-wallpapers-6.7.4-1.fc44.src.rpm	HTTP range + RPM magic
plasma5support-6.7.4-1.fc44.src.rpm	Fedora Koji	https://kojipkgs.fedoraproject.org/packages/plasma5support/6.7.4/1.fc44/src/plasma5support-6.7.4-1.fc44.src.rpm	HTTP range + RPM magic
plutosvg-0.0.8-2.fc44.src.rpm	Fedora Koji	https://kojipkgs.fedoraproject.org/packages/plutosvg/0.0.8/2.fc44/src/plutosvg-0.0.8-2.fc44.src.rpm	HTTP range + RPM magic
plutovg-1.3.3-1.fc44.src.rpm	Fedora Koji	https://kojipkgs.fedoraproject.org/packages/plutovg/1.3.3/1.fc44/src/plutovg-1.3.3-1.fc44.src.rpm	HTTP range + RPM magic
pocketds-1-20260731091750.fc44.src.rpm	Pocket DS COPR	https://download.copr.fedorainfracloud.org/results/linux4switch/pocketds/fedora-44-aarch64/10797618-pocketds/pocketds-1-20260731091750.fc44.src.rpm	HTTP range + RPM magic
pocketds-firmware-20260811-20260811175327.fc44.src.rpm	Pocket DS COPR	https://download.copr.fedorainfracloud.org/results/linux4switch/pocketds/fedora-44-aarch64/10849192-pocketds-firmware/pocketds-firmware-20260811-20260811175327.fc44.src.rpm	HTTP range + RPM magic
pocketds-userspace-20260507-20260730174706.pds2.fc44.src.rpm	Release build-materials attachment	build-materials/artifacts/pocketds-userspace-20260507-20260730174706.pds2.fc44.src.rpm	local complete SHA-256
podman-5.8.4-1.fc44.src.rpm	Fedora Koji	https://kojipkgs.fedoraproject.org/packages/podman/5.8.4/1.fc44/src/podman-5.8.4-1.fc44.src.rpm	HTTP range + RPM magic
polkit-127-2.fc44.2.src.rpm	Fedora Koji	https://kojipkgs.fedoraproject.org/packages/polkit/127/2.fc44.2/src/polkit-127-2.fc44.2.src.rpm	HTTP range + RPM magic
polkit-kde-6.7.4-1.fc44.src.rpm	Fedora Koji	https://kojipkgs.fedoraproject.org/packages/polkit-kde/6.7.4/1.fc44/src/polkit-kde-6.7.4-1.fc44.src.rpm	HTTP range + RPM magic
polkit-qt-1-0.201.1-1.fc44.src.rpm	Fedora Koji	https://kojipkgs.fedoraproject.org/packages/polkit-qt-1/0.201.1/1.fc44/src/polkit-qt-1-0.201.1-1.fc44.src.rpm	HTTP range + RPM magic
poly2tri-0.0^20130501hg26242d0aa7b8-7.fc44.src.rpm	Fedora Koji	https://kojipkgs.fedoraproject.org/packages/poly2tri/0.0^20130501hg26242d0aa7b8/7.fc44/src/poly2tri-0.0^20130501hg26242d0aa7b8-7.fc44.src.rpm	HTTP range + RPM magic
poppler-26.01.0-3.fc44.src.rpm	Fedora Koji	https://kojipkgs.fedoraproject.org/packages/poppler/26.01.0/3.fc44/src/poppler-26.01.0-3.fc44.src.rpm	HTTP range + RPM magic
poppler-data-0.4.11-11.fc44.src.rpm	Fedora Koji	https://kojipkgs.fedoraproject.org/packages/poppler-data/0.4.11/11.fc44/src/poppler-data-0.4.11-11.fc44.src.rpm	HTTP range + RPM magic
popt-1.19-10.fc44.src.rpm	Fedora Koji	https://kojipkgs.fedoraproject.org/packages/popt/1.19/10.fc44/src/popt-1.19-10.fc44.src.rpm	HTTP range + RPM magic
power-profiles-daemon-0.30-3.fc44.src.rpm	Fedora Koji	https://kojipkgs.fedoraproject.org/packages/power-profiles-daemon/0.30/3.fc44/src/power-profiles-daemon-0.30-3.fc44.src.rpm	HTTP range + RPM magic
powerdevil-6.7.3-1.fc44.pocketds1.src.rpm	Release build-materials attachment	build-materials/artifacts/powerdevil-6.7.3-1.fc44.pocketds1.src.rpm	local complete SHA-256
ppp-2.5.1-7.fc44.src.rpm	Fedora Koji	https://kojipkgs.fedoraproject.org/packages/ppp/2.5.1/7.fc44/src/ppp-2.5.1-7.fc44.src.rpm	HTTP range + RPM magic
pptp-1.10.0-24.fc44.src.rpm	Fedora Koji	https://kojipkgs.fedoraproject.org/packages/pptp/1.10.0/24.fc44/src/pptp-1.10.0-24.fc44.src.rpm	HTTP range + RPM magic
procps-ng-4.0.6-1.fc44.src.rpm	Fedora Koji	https://kojipkgs.fedoraproject.org/packages/procps-ng/4.0.6/1.fc44/src/procps-ng-4.0.6-1.fc44.src.rpm	HTTP range + RPM magic
protobuf-c-1.5.2-2.fc44.src.rpm	Fedora Koji	https://kojipkgs.fedoraproject.org/packages/protobuf-c/1.5.2/2.fc44/src/protobuf-c-1.5.2-2.fc44.src.rpm	HTTP range + RPM magic
psmisc-23.7-7.fc44.src.rpm	Fedora Koji	https://kojipkgs.fedoraproject.org/packages/psmisc/23.7/7.fc44/src/psmisc-23.7-7.fc44.src.rpm	HTTP range + RPM magic
publicsuffix-list-20260116-1.fc44.src.rpm	Fedora Koji	https://kojipkgs.fedoraproject.org/packages/publicsuffix-list/20260116/1.fc44/src/publicsuffix-list-20260116-1.fc44.src.rpm	HTTP range + RPM magic
pugixml-1.16-1.fc44.src.rpm	Fedora Koji	https://kojipkgs.fedoraproject.org/packages/pugixml/1.16/1.fc44/src/pugixml-1.16-1.fc44.src.rpm	HTTP range + RPM magic
pulseaudio-17.0-9.fc44.src.rpm	Fedora Koji	https://kojipkgs.fedoraproject.org/packages/pulseaudio/17.0/9.fc44/src/pulseaudio-17.0-9.fc44.src.rpm	HTTP range + RPM magic
pulseaudio-qt-1.8.1-1.fc44.src.rpm	Fedora Koji	https://kojipkgs.fedoraproject.org/packages/pulseaudio-qt/1.8.1/1.fc44/src/pulseaudio-qt-1.8.1-1.fc44.src.rpm	HTTP range + RPM magic
pyatspi-2.58.2-1.fc44.src.rpm	Fedora Koji	https://kojipkgs.fedoraproject.org/packages/pyatspi/2.58.2/1.fc44/src/pyatspi-2.58.2-1.fc44.src.rpm	HTTP range + RPM magic
pycairo-1.28.0-5.fc44.src.rpm	Fedora Koji	https://kojipkgs.fedoraproject.org/packages/pycairo/1.28.0/5.fc44/src/pycairo-1.28.0-5.fc44.src.rpm	HTTP range + RPM magic
pygobject3-3.56.3-1.fc44.src.rpm	Fedora Koji	https://kojipkgs.fedoraproject.org/packages/pygobject3/3.56.3/1.fc44/src/pygobject3-3.56.3-1.fc44.src.rpm	HTTP range + RPM magic
python-augeas-1.2.0-7.fc44.src.rpm	Fedora Koji	https://kojipkgs.fedoraproject.org/packages/python-augeas/1.2.0/7.fc44/src/python-augeas-1.2.0-7.fc44.src.rpm	HTTP range + RPM magic
python-beautifulsoup4-4.15.0-1.fc44.src.rpm	Fedora Koji	https://kojipkgs.fedoraproject.org/packages/python-beautifulsoup4/4.15.0/1.fc44/src/python-beautifulsoup4-4.15.0-1.fc44.src.rpm	HTTP range + RPM magic
python-certifi-2026.01.04-1.fc44.src.rpm	Fedora Koji	https://kojipkgs.fedoraproject.org/packages/python-certifi/2026.01.04/1.fc44/src/python-certifi-2026.01.04-1.fc44.src.rpm	HTTP range + RPM magic
python-cffi-2.0.0-3.fc44.src.rpm	Fedora Koji	https://kojipkgs.fedoraproject.org/packages/python-cffi/2.0.0/3.fc44/src/python-cffi-2.0.0-3.fc44.src.rpm	HTTP range + RPM magic
python-charset-normalizer-3.4.4-2.fc44.src.rpm	Fedora Koji	https://kojipkgs.fedoraproject.org/packages/python-charset-normalizer/3.4.4/2.fc44/src/python-charset-normalizer-3.4.4-2.fc44.src.rpm	HTTP range + RPM magic
python-click-8.3.3-1.fc44.src.rpm	Fedora Koji	https://kojipkgs.fedoraproject.org/packages/python-click/8.3.3/1.fc44/src/python-click-8.3.3-1.fc44.src.rpm	HTTP range + RPM magic
python-cups-2.0.4-8.fc44.src.rpm	Fedora Koji	https://kojipkgs.fedoraproject.org/packages/python-cups/2.0.4/8.fc44/src/python-cups-2.0.4-8.fc44.src.rpm	HTTP range + RPM magic
python-evdev-1.9.3-1.fc44.src.rpm	Fedora Koji	https://kojipkgs.fedoraproject.org/packages/python-evdev/1.9.3/1.fc44/src/python-evdev-1.9.3-1.fc44.src.rpm	HTTP range + RPM magic
python-humanize-4.15.0-2.fc44.src.rpm	Fedora Koji	https://kojipkgs.fedoraproject.org/packages/python-humanize/4.15.0/2.fc44/src/python-humanize-4.15.0-2.fc44.src.rpm	HTTP range + RPM magic
python-idna-3.18-1.fc44.src.rpm	Fedora Koji	https://kojipkgs.fedoraproject.org/packages/python-idna/3.18/1.fc44/src/python-idna-3.18-1.fc44.src.rpm	HTTP range + RPM magic
python-inotify-0.9.6-43.fc44.src.rpm	Fedora Koji	https://kojipkgs.fedoraproject.org/packages/python-inotify/0.9.6/43.fc44/src/python-inotify-0.9.6-43.fc44.src.rpm	HTTP range + RPM magic
python-linux-procfs-0.7.4-3.fc44.src.rpm	Fedora Koji	https://kojipkgs.fedoraproject.org/packages/python-linux-procfs/0.7.4/3.fc44/src/python-linux-procfs-0.7.4-3.fc44.src.rpm	HTTP range + RPM magic
python-lxml-6.1.1-1.fc44.src.rpm	Fedora Koji	https://kojipkgs.fedoraproject.org/packages/python-lxml/6.1.1/1.fc44/src/python-lxml-6.1.1-1.fc44.src.rpm	HTTP range + RPM magic
python-pip-26.0.1-3.fc44.src.rpm	Fedora Koji	https://kojipkgs.fedoraproject.org/packages/python-pip/26.0.1/3.fc44/src/python-pip-26.0.1-3.fc44.src.rpm	HTTP range + RPM magic
python-psutil-7.2.2-1.fc44.src.rpm	Fedora Koji	https://kojipkgs.fedoraproject.org/packages/python-psutil/7.2.2/1.fc44/src/python-psutil-7.2.2-1.fc44.src.rpm	HTTP range + RPM magic
python-pycparser-2.22-8.fc44.src.rpm	Fedora Koji	https://kojipkgs.fedoraproject.org/packages/python-pycparser/2.22/8.fc44/src/python-pycparser-2.22-8.fc44.src.rpm	HTTP range + RPM magic
python-pygdbmi-0.11.0.0-12.fc44.src.rpm	Fedora Koji	https://kojipkgs.fedoraproject.org/packages/python-pygdbmi/0.11.0.0/12.fc44/src/python-pygdbmi-0.11.0.0-12.fc44.src.rpm	HTTP range + RPM magic
python-pyside6-6.11.2-1.fc44.src.rpm	Fedora Koji	https://kojipkgs.fedoraproject.org/packages/python-pyside6/6.11.2/1.fc44/src/python-pyside6-6.11.2-1.fc44.src.rpm	HTTP range + RPM magic
python-pyudev-0.24.4-3.fc44.src.rpm	Fedora Koji	https://kojipkgs.fedoraproject.org/packages/python-pyudev/0.24.4/3.fc44/src/python-pyudev-0.24.4-3.fc44.src.rpm	HTTP range + RPM magic
python-requests-2.33.1-1.fc44.src.rpm	Fedora Koji	https://kojipkgs.fedoraproject.org/packages/python-requests/2.33.1/1.fc44/src/python-requests-2.33.1-1.fc44.src.rpm	HTTP range + RPM magic
python-sentry-sdk-2.48.0-2.fc44.src.rpm	Fedora Koji	https://kojipkgs.fedoraproject.org/packages/python-sentry-sdk/2.48.0/2.fc44/src/python-sentry-sdk-2.48.0-2.fc44.src.rpm	HTTP range + RPM magic
python-soupsieve-2.8.3-1.fc44.src.rpm	Fedora Koji	https://kojipkgs.fedoraproject.org/packages/python-soupsieve/2.8.3/1.fc44/src/python-soupsieve-2.8.3-1.fc44.src.rpm	HTTP range + RPM magic
python-systemd-235-18.fc44.src.rpm	Fedora Koji	https://kojipkgs.fedoraproject.org/packages/python-systemd/235/18.fc44/src/python-systemd-235-18.fc44.src.rpm	HTTP range + RPM magic
python-typing-extensions-4.16.0-4.fc44.src.rpm	Fedora Koji	https://kojipkgs.fedoraproject.org/packages/python-typing-extensions/4.16.0/4.fc44/src/python-typing-extensions-4.16.0-4.fc44.src.rpm	HTTP range + RPM magic
python-urllib3-2.7.0-1.fc44.src.rpm	Fedora Koji	https://kojipkgs.fedoraproject.org/packages/python-urllib3/2.7.0/1.fc44/src/python-urllib3-2.7.0-1.fc44.src.rpm	HTTP range + RPM magic
python3.14-3.14.7-1.fc44.src.rpm	Fedora Koji	https://kojipkgs.fedoraproject.org/packages/python3.14/3.14.7/1.fc44/src/python3.14-3.14.7-1.fc44.src.rpm	HTTP range + RPM magic
qaccessibilityclient-0.6.0-5.fc44.src.rpm	Fedora Koji	https://kojipkgs.fedoraproject.org/packages/qaccessibilityclient/0.6.0/5.fc44/src/qaccessibilityclient-0.6.0-5.fc44.src.rpm	HTTP range + RPM magic
qca-2.3.10-4.fc44.src.rpm	Fedora Koji	https://kojipkgs.fedoraproject.org/packages/qca/2.3.10/4.fc44/src/qca-2.3.10-4.fc44.src.rpm	HTTP range + RPM magic
qcoro-0.12.0-6.fc44.src.rpm	Fedora Koji	https://kojipkgs.fedoraproject.org/packages/qcoro/0.12.0/6.fc44/src/qcoro-0.12.0-6.fc44.src.rpm	HTTP range + RPM magic
qpdf-12.3.2-1.fc44.src.rpm	Fedora Koji	https://kojipkgs.fedoraproject.org/packages/qpdf/12.3.2/1.fc44/src/qpdf-12.3.2-1.fc44.src.rpm	HTTP range + RPM magic
qqc2-breeze-style-6.7.4-1.fc44.src.rpm	Fedora Koji	https://kojipkgs.fedoraproject.org/packages/qqc2-breeze-style/6.7.4/1.fc44/src/qqc2-breeze-style-6.7.4-1.fc44.src.rpm	HTTP range + RPM magic
qrca-26.08.0-1.fc44.src.rpm	Fedora Koji	https://kojipkgs.fedoraproject.org/packages/qrca/26.08.0/1.fc44/src/qrca-26.08.0-1.fc44.src.rpm	HTTP range + RPM magic
qrencode-4.1.1-12.fc44.src.rpm	Fedora Koji	https://kojipkgs.fedoraproject.org/packages/qrencode/4.1.1/12.fc44/src/qrencode-4.1.1-12.fc44.src.rpm	HTTP range + RPM magic
qt6-6.11.2-1.fc44.src.rpm	Fedora Koji	https://kojipkgs.fedoraproject.org/packages/qt6/6.11.2/1.fc44/src/qt6-6.11.2-1.fc44.src.rpm	HTTP range + RPM magic
qt6-qt3d-6.11.2-1.fc44.src.rpm	Fedora Koji	https://kojipkgs.fedoraproject.org/packages/qt6-qt3d/6.11.2/1.fc44/src/qt6-qt3d-6.11.2-1.fc44.src.rpm	HTTP range + RPM magic
qt6-qt5compat-6.11.2-1.fc44.src.rpm	Fedora Koji	https://kojipkgs.fedoraproject.org/packages/qt6-qt5compat/6.11.2/1.fc44/src/qt6-qt5compat-6.11.2-1.fc44.src.rpm	HTTP range + RPM magic
qt6-qtbase-6.11.2-2.fc44.src.rpm	Fedora Koji	https://kojipkgs.fedoraproject.org/packages/qt6-qtbase/6.11.2/2.fc44/src/qt6-qtbase-6.11.2-2.fc44.src.rpm	HTTP range + RPM magic
qt6-qtcharts-6.11.2-1.fc44.src.rpm	Fedora Koji	https://kojipkgs.fedoraproject.org/packages/qt6-qtcharts/6.11.2/1.fc44/src/qt6-qtcharts-6.11.2-1.fc44.src.rpm	HTTP range + RPM magic
qt6-qtconnectivity-6.11.2-1.fc44.src.rpm	Fedora Koji	https://kojipkgs.fedoraproject.org/packages/qt6-qtconnectivity/6.11.2/1.fc44/src/qt6-qtconnectivity-6.11.2-1.fc44.src.rpm	HTTP range + RPM magic
qt6-qtdatavis3d-6.11.2-1.fc44.src.rpm	Fedora Koji	https://kojipkgs.fedoraproject.org/packages/qt6-qtdatavis3d/6.11.2/1.fc44/src/qt6-qtdatavis3d-6.11.2-1.fc44.src.rpm	HTTP range + RPM magic
qt6-qtdeclarative-6.11.2-1.fc44.src.rpm	Fedora Koji	https://kojipkgs.fedoraproject.org/packages/qt6-qtdeclarative/6.11.2/1.fc44/src/qt6-qtdeclarative-6.11.2-1.fc44.src.rpm	HTTP range + RPM magic
qt6-qtgraphs-6.11.2-1.fc44.src.rpm	Fedora Koji	https://kojipkgs.fedoraproject.org/packages/qt6-qtgraphs/6.11.2/1.fc44/src/qt6-qtgraphs-6.11.2-1.fc44.src.rpm	HTTP range + RPM magic
qt6-qthttpserver-6.11.2-1.fc44.src.rpm	Fedora Koji	https://kojipkgs.fedoraproject.org/packages/qt6-qthttpserver/6.11.2/1.fc44/src/qt6-qthttpserver-6.11.2-1.fc44.src.rpm	HTTP range + RPM magic
qt6-qtimageformats-6.11.2-1.fc44.src.rpm	Fedora Koji	https://kojipkgs.fedoraproject.org/packages/qt6-qtimageformats/6.11.2/1.fc44/src/qt6-qtimageformats-6.11.2-1.fc44.src.rpm	HTTP range + RPM magic
qt6-qtlocation-6.11.2-1.fc44.src.rpm	Fedora Koji	https://kojipkgs.fedoraproject.org/packages/qt6-qtlocation/6.11.2/1.fc44/src/qt6-qtlocation-6.11.2-1.fc44.src.rpm	HTTP range + RPM magic
qt6-qtmultimedia-6.11.2-1.fc44.src.rpm	Fedora Koji	https://kojipkgs.fedoraproject.org/packages/qt6-qtmultimedia/6.11.2/1.fc44/src/qt6-qtmultimedia-6.11.2-1.fc44.src.rpm	HTTP range + RPM magic
qt6-qtnetworkauth-6.11.2-1.fc44.src.rpm	Fedora Koji	https://kojipkgs.fedoraproject.org/packages/qt6-qtnetworkauth/6.11.2/1.fc44/src/qt6-qtnetworkauth-6.11.2-1.fc44.src.rpm	HTTP range + RPM magic
qt6-qtpositioning-6.11.2-1.fc44.src.rpm	Fedora Koji	https://kojipkgs.fedoraproject.org/packages/qt6-qtpositioning/6.11.2/1.fc44/src/qt6-qtpositioning-6.11.2-1.fc44.src.rpm	HTTP range + RPM magic
qt6-qtquick3d-6.11.2-1.fc44.src.rpm	Fedora Koji	https://kojipkgs.fedoraproject.org/packages/qt6-qtquick3d/6.11.2/1.fc44/src/qt6-qtquick3d-6.11.2-1.fc44.src.rpm	HTTP range + RPM magic
qt6-qtquicktimeline-6.11.2-1.fc44.src.rpm	Fedora Koji	https://kojipkgs.fedoraproject.org/packages/qt6-qtquicktimeline/6.11.2/1.fc44/src/qt6-qtquicktimeline-6.11.2-1.fc44.src.rpm	HTTP range + RPM magic
qt6-qtremoteobjects-6.11.2-1.fc44.src.rpm	Fedora Koji	https://kojipkgs.fedoraproject.org/packages/qt6-qtremoteobjects/6.11.2/1.fc44/src/qt6-qtremoteobjects-6.11.2-1.fc44.src.rpm	HTTP range + RPM magic
qt6-qtscxml-6.11.2-1.fc44.src.rpm	Fedora Koji	https://kojipkgs.fedoraproject.org/packages/qt6-qtscxml/6.11.2/1.fc44/src/qt6-qtscxml-6.11.2-1.fc44.src.rpm	HTTP range + RPM magic
qt6-qtsensors-6.11.2-1.fc44.src.rpm	Fedora Koji	https://kojipkgs.fedoraproject.org/packages/qt6-qtsensors/6.11.2/1.fc44/src/qt6-qtsensors-6.11.2-1.fc44.src.rpm	HTTP range + RPM magic
qt6-qtserialbus-6.11.2-1.fc44.src.rpm	Fedora Koji	https://kojipkgs.fedoraproject.org/packages/qt6-qtserialbus/6.11.2/1.fc44/src/qt6-qtserialbus-6.11.2-1.fc44.src.rpm	HTTP range + RPM magic
qt6-qtserialport-6.11.2-1.fc44.src.rpm	Fedora Koji	https://kojipkgs.fedoraproject.org/packages/qt6-qtserialport/6.11.2/1.fc44/src/qt6-qtserialport-6.11.2-1.fc44.src.rpm	HTTP range + RPM magic
qt6-qtshadertools-6.11.2-1.fc44.src.rpm	Fedora Koji	https://kojipkgs.fedoraproject.org/packages/qt6-qtshadertools/6.11.2/1.fc44/src/qt6-qtshadertools-6.11.2-1.fc44.src.rpm	HTTP range + RPM magic
qt6-qtspeech-6.11.2-1.fc44.src.rpm	Fedora Koji	https://kojipkgs.fedoraproject.org/packages/qt6-qtspeech/6.11.2/1.fc44/src/qt6-qtspeech-6.11.2-1.fc44.src.rpm	HTTP range + RPM magic
qt6-qtsvg-6.11.2-1.fc44.src.rpm	Fedora Koji	https://kojipkgs.fedoraproject.org/packages/qt6-qtsvg/6.11.2/1.fc44/src/qt6-qtsvg-6.11.2-1.fc44.src.rpm	HTTP range + RPM magic
qt6-qttools-6.11.2-1.fc44.src.rpm	Fedora Koji	https://kojipkgs.fedoraproject.org/packages/qt6-qttools/6.11.2/1.fc44/src/qt6-qttools-6.11.2-1.fc44.src.rpm	HTTP range + RPM magic
qt6-qtvirtualkeyboard-6.11.2-1.fc44.src.rpm	Fedora Koji	https://kojipkgs.fedoraproject.org/packages/qt6-qtvirtualkeyboard/6.11.2/1.fc44/src/qt6-qtvirtualkeyboard-6.11.2-1.fc44.src.rpm	HTTP range + RPM magic
qt6-qtwayland-6.11.2-1.fc44.src.rpm	Fedora Koji	https://kojipkgs.fedoraproject.org/packages/qt6-qtwayland/6.11.2/1.fc44/src/qt6-qtwayland-6.11.2-1.fc44.src.rpm	HTTP range + RPM magic
qt6-qtwebchannel-6.11.2-1.fc44.src.rpm	Fedora Koji	https://kojipkgs.fedoraproject.org/packages/qt6-qtwebchannel/6.11.2/1.fc44/src/qt6-qtwebchannel-6.11.2-1.fc44.src.rpm	HTTP range + RPM magic
qt6-qtwebengine-6.11.2-2.fc44.src.rpm	Fedora Koji	https://kojipkgs.fedoraproject.org/packages/qt6-qtwebengine/6.11.2/2.fc44/src/qt6-qtwebengine-6.11.2-2.fc44.src.rpm	HTTP range + RPM magic
qt6-qtwebsockets-6.11.2-1.fc44.src.rpm	Fedora Koji	https://kojipkgs.fedoraproject.org/packages/qt6-qtwebsockets/6.11.2/1.fc44/src/qt6-qtwebsockets-6.11.2-1.fc44.src.rpm	HTTP range + RPM magic
qt6-qtwebview-6.11.2-1.fc44.src.rpm	Fedora Koji	https://kojipkgs.fedoraproject.org/packages/qt6-qtwebview/6.11.2/1.fc44/src/qt6-qtwebview-6.11.2-1.fc44.src.rpm	HTTP range + RPM magic
qtkeychain-0.16.0-1.fc44.src.rpm	Fedora Koji	https://kojipkgs.fedoraproject.org/packages/qtkeychain/0.16.0/1.fc44/src/qtkeychain-0.16.0-1.fc44.src.rpm	HTTP range + RPM magic
rdma-core-61.0-2.fc44.src.rpm	Fedora Koji	https://kojipkgs.fedoraproject.org/packages/rdma-core/61.0/2.fc44/src/rdma-core-61.0-2.fc44.src.rpm	HTTP range + RPM magic
re2-20251105-4.fc44.src.rpm	Fedora Koji	https://kojipkgs.fedoraproject.org/packages/re2/20251105/4.fc44/src/re2-20251105-4.fc44.src.rpm	HTTP range + RPM magic
readline-8.3-4.fc44.src.rpm	Fedora Koji	https://kojipkgs.fedoraproject.org/packages/readline/8.3/4.fc44/src/readline-8.3-4.fc44.src.rpm	HTTP range + RPM magic
redhat-menus-12.0.2-39.fc44.src.rpm	Fedora Koji	https://kojipkgs.fedoraproject.org/packages/redhat-menus/12.0.2/39.fc44/src/redhat-menus-12.0.2-39.fc44.src.rpm	HTTP range + RPM magic
rpm-6.0.2-1.fc44.src.rpm	Fedora Koji	https://kojipkgs.fedoraproject.org/packages/rpm/6.0.2/1.fc44/src/rpm-6.0.2-1.fc44.src.rpm	HTTP range + RPM magic
rtkit-0.11-70.fc44.src.rpm	Fedora Koji	https://kojipkgs.fedoraproject.org/packages/rtkit/0.11/70.fc44/src/rtkit-0.11-70.fc44.src.rpm	HTTP range + RPM magic
rubberband-4.0.0-5.fc44.src.rpm	Fedora Koji	https://kojipkgs.fedoraproject.org/packages/rubberband/4.0.0/5.fc44/src/rubberband-4.0.0-5.fc44.src.rpm	HTTP range + RPM magic
rust-dolby_vision-3.3.2-3.fc44.src.rpm	Fedora Koji	https://kojipkgs.fedoraproject.org/packages/rust-dolby_vision/3.3.2/3.fc44/src/rust-dolby_vision-3.3.2-3.fc44.src.rpm	HTTP range + RPM magic
rust-podman-sequoia-0.3.2-2.fc44.src.rpm	Fedora Koji	https://kojipkgs.fedoraproject.org/packages/rust-podman-sequoia/0.3.2/2.fc44/src/rust-podman-sequoia-0.3.2-2.fc44.src.rpm	HTTP range + RPM magic
rust-rav1e-0.8.1-3.fc44.src.rpm	Fedora Koji	https://kojipkgs.fedoraproject.org/packages/rust-rav1e/0.8.1/3.fc44/src/rust-rav1e-0.8.1-3.fc44.src.rpm	HTTP range + RPM magic
rust-rpm-sequoia-1.10.2-4.fc44.src.rpm	Fedora Koji	https://kojipkgs.fedoraproject.org/packages/rust-rpm-sequoia/1.10.2/4.fc44/src/rust-rpm-sequoia-1.10.2-4.fc44.src.rpm	HTTP range + RPM magic
samba-4.24.6-1.fc44.src.rpm	Fedora Koji	https://kojipkgs.fedoraproject.org/packages/samba/4.24.6/1.fc44/src/samba-4.24.6-1.fc44.src.rpm	HTTP range + RPM magic
sane-backends-1.4.0-6.fc44.src.rpm	Fedora Koji	https://kojipkgs.fedoraproject.org/packages/sane-backends/1.4.0/6.fc44/src/sane-backends-1.4.0-6.fc44.src.rpm	HTTP range + RPM magic
satyr-0.43-10.fc44.src.rpm	Fedora Koji	https://kojipkgs.fedoraproject.org/packages/satyr/0.43/10.fc44/src/satyr-0.43-10.fc44.src.rpm	HTTP range + RPM magic
sbc-2.1-2.fc44.src.rpm	Fedora Koji	https://kojipkgs.fedoraproject.org/packages/sbc/2.1/2.fc44/src/sbc-2.1-2.fc44.src.rpm	HTTP range + RPM magic
sdbus-cpp-2.2.1-2.fc44.src.rpm	Fedora Koji	https://kojipkgs.fedoraproject.org/packages/sdbus-cpp/2.2.1/2.fc44/src/sdbus-cpp-2.2.1-2.fc44.src.rpm	HTTP range + RPM magic
sdl2-compat-2.32.72-1.fc44.src.rpm	Fedora Koji	https://kojipkgs.fedoraproject.org/packages/sdl2-compat/2.32.72/1.fc44/src/sdl2-compat-2.32.72-1.fc44.src.rpm	HTTP range + RPM magic
sed-4.9-7.fc44.src.rpm	Fedora Koji	https://kojipkgs.fedoraproject.org/packages/sed/4.9/7.fc44/src/sed-4.9-7.fc44.src.rpm	HTTP range + RPM magic
serd-0.32.8-1.fc44.src.rpm	Fedora Koji	https://kojipkgs.fedoraproject.org/packages/serd/0.32.8/1.fc44/src/serd-0.32.8-1.fc44.src.rpm	HTTP range + RPM magic
setup-2.15.0-28.fc44.src.rpm	Fedora Koji	https://kojipkgs.fedoraproject.org/packages/setup/2.15.0/28.fc44/src/setup-2.15.0-28.fc44.src.rpm	HTTP range + RPM magic
setxkbmap-1.3.4-7.fc44.src.rpm	Fedora Koji	https://kojipkgs.fedoraproject.org/packages/setxkbmap/1.3.4/7.fc44/src/setxkbmap-1.3.4-7.fc44.src.rpm	HTTP range + RPM magic
sgml-common-0.6.3-68.fc44.src.rpm	Fedora Koji	https://kojipkgs.fedoraproject.org/packages/sgml-common/0.6.3/68.fc44/src/sgml-common-0.6.3-68.fc44.src.rpm	HTTP range + RPM magic
shaderc-2026.1-1.fc44.src.rpm	Fedora Koji	https://kojipkgs.fedoraproject.org/packages/shaderc/2026.1/1.fc44/src/shaderc-2026.1-1.fc44.src.rpm	HTTP range + RPM magic
shadow-utils-4.19.0-7.fc44.src.rpm	Fedora Koji	https://kojipkgs.fedoraproject.org/packages/shadow-utils/4.19.0/7.fc44/src/shadow-utils-4.19.0-7.fc44.src.rpm	HTTP range + RPM magic
shared-mime-info-2.4-3.fc44.src.rpm	Fedora Koji	https://kojipkgs.fedoraproject.org/packages/shared-mime-info/2.4/3.fc44/src/shared-mime-info-2.4-3.fc44.src.rpm	HTTP range + RPM magic
signon-8.60^20240205.c8ad982-5.fc44.src.rpm	Fedora Koji	https://kojipkgs.fedoraproject.org/packages/signon/8.60^20240205.c8ad982/5.fc44/src/signon-8.60^20240205.c8ad982-5.fc44.src.rpm	HTTP range + RPM magic
signon-kwallet-extension-26.08.0-1.fc44.src.rpm	Fedora Koji	https://kojipkgs.fedoraproject.org/packages/signon-kwallet-extension/26.08.0/1.fc44/src/signon-kwallet-extension-26.08.0-1.fc44.src.rpm	HTTP range + RPM magic
signon-plugin-oauth2-0.25^20231216.fab6988-7.fc44.src.rpm	Fedora Koji	https://kojipkgs.fedoraproject.org/packages/signon-plugin-oauth2/0.25^20231216.fab6988/7.fc44/src/signon-plugin-oauth2-0.25^20231216.fab6988-7.fc44.src.rpm	HTTP range + RPM magic
signon-ui-0.15^20240205.eef943f-6.fc44.src.rpm	Fedora Koji	https://kojipkgs.fedoraproject.org/packages/signon-ui/0.15^20240205.eef943f/6.fc44/src/signon-ui-0.15^20240205.eef943f-6.fc44.src.rpm	HTTP range + RPM magic
skanpage-26.08.0-1.fc44.src.rpm	Fedora Koji	https://kojipkgs.fedoraproject.org/packages/skanpage/26.08.0/1.fc44/src/skanpage-26.08.0-1.fc44.src.rpm	HTTP range + RPM magic
smartmontools-7.5-9.fc44.src.rpm	Fedora Koji	https://kojipkgs.fedoraproject.org/packages/smartmontools/7.5/9.fc44/src/smartmontools-7.5-9.fc44.src.rpm	HTTP range + RPM magic
snappy-1.2.2-4.fc44.src.rpm	Fedora Koji	https://kojipkgs.fedoraproject.org/packages/snappy/1.2.2/4.fc44/src/snappy-1.2.2-4.fc44.src.rpm	HTTP range + RPM magic
snowball-3.0.1-11.fc44.src.rpm	Fedora Koji	https://kojipkgs.fedoraproject.org/packages/snowball/3.0.1/11.fc44/src/snowball-3.0.1-11.fc44.src.rpm	HTTP range + RPM magic
socat-1.8.1.1-1.fc44.src.rpm	Fedora Koji	https://kojipkgs.fedoraproject.org/packages/socat/1.8.1.1/1.fc44/src/socat-1.8.1.1-1.fc44.src.rpm	HTTP range + RPM magic
sord-0.16.22-1.fc44.src.rpm	Fedora Koji	https://kojipkgs.fedoraproject.org/packages/sord/0.16.22/1.fc44/src/sord-0.16.22-1.fc44.src.rpm	HTTP range + RPM magic
sound-theme-freedesktop-0.8-31.fc44.src.rpm	Fedora Koji	https://kojipkgs.fedoraproject.org/packages/sound-theme-freedesktop/0.8/31.fc44/src/sound-theme-freedesktop-0.8-31.fc44.src.rpm	HTTP range + RPM magic
soundtouch-2.4.0-3.fc44.src.rpm	Fedora Koji	https://kojipkgs.fedoraproject.org/packages/soundtouch/2.4.0/3.fc44/src/soundtouch-2.4.0-3.fc44.src.rpm	HTTP range + RPM magic
source-foundry-hack-fonts-3.003-7.fc44.src.rpm	Fedora Koji	https://kojipkgs.fedoraproject.org/packages/source-foundry-hack-fonts/3.003/7.fc44/src/source-foundry-hack-fonts-3.003-7.fc44.src.rpm	HTTP range + RPM magic
source-highlight-3.1.9-27.fc44.src.rpm	Fedora Koji	https://kojipkgs.fedoraproject.org/packages/source-highlight/3.1.9/27.fc44/src/source-highlight-3.1.9-27.fc44.src.rpm	HTTP range + RPM magic
soxr-0.1.3-21.fc44.src.rpm	Fedora Koji	https://kojipkgs.fedoraproject.org/packages/soxr/0.1.3/21.fc44/src/soxr-0.1.3-21.fc44.src.rpm	HTTP range + RPM magic
spandsp-0.0.6-22.fc44.src.rpm	Fedora Koji	https://kojipkgs.fedoraproject.org/packages/spandsp/0.0.6/22.fc44/src/spandsp-0.0.6-22.fc44.src.rpm	HTTP range + RPM magic
spectacle-6.7.4-1.fc44.src.rpm	Fedora Koji	https://kojipkgs.fedoraproject.org/packages/spectacle/6.7.4/1.fc44/src/spectacle-6.7.4-1.fc44.src.rpm	HTTP range + RPM magic
speex-1.2.0-21.fc44.src.rpm	Fedora Koji	https://kojipkgs.fedoraproject.org/packages/speex/1.2.0/21.fc44/src/speex-1.2.0-21.fc44.src.rpm	HTTP range + RPM magic
spirv-tools-2026.1-1.fc44.src.rpm	Fedora Koji	https://kojipkgs.fedoraproject.org/packages/spirv-tools/2026.1/1.fc44/src/spirv-tools-2026.1-1.fc44.src.rpm	HTTP range + RPM magic
sqlite-3.51.2-2.fc44.src.rpm	Fedora Koji	https://kojipkgs.fedoraproject.org/packages/sqlite/3.51.2/2.fc44/src/sqlite-3.51.2-2.fc44.src.rpm	HTTP range + RPM magic
sratom-0.6.22-1.fc44.src.rpm	Fedora Koji	https://kojipkgs.fedoraproject.org/packages/sratom/0.6.22/1.fc44/src/sratom-0.6.22-1.fc44.src.rpm	HTTP range + RPM magic
srt-1.5.7-1.fc44.src.rpm	Fedora Koji	https://kojipkgs.fedoraproject.org/packages/srt/1.5.7/1.fc44/src/srt-1.5.7-1.fc44.src.rpm	HTTP range + RPM magic
sso-mib-0.8.0-1.fc44.src.rpm	Fedora Koji	https://kojipkgs.fedoraproject.org/packages/sso-mib/0.8.0/1.fc44/src/sso-mib-0.8.0-1.fc44.src.rpm	HTTP range + RPM magic
stoken-0.93-2.fc44.src.rpm	Fedora Koji	https://kojipkgs.fedoraproject.org/packages/stoken/0.93/2.fc44/src/stoken-0.93-2.fc44.src.rpm	HTTP range + RPM magic
sudo-1.9.17-8.p2.fc44.src.rpm	Fedora Koji	https://kojipkgs.fedoraproject.org/packages/sudo/1.9.17/8.p2.fc44/src/sudo-1.9.17-8.p2.fc44.src.rpm	HTTP range + RPM magic
svt-av1-3.1.2-2.fc44.src.rpm	Fedora Koji	https://kojipkgs.fedoraproject.org/packages/svt-av1/3.1.2/2.fc44/src/svt-av1-3.1.2-2.fc44.src.rpm	HTTP range + RPM magic
system-config-printer-1.5.18-20.fc44.src.rpm	Fedora Koji	https://kojipkgs.fedoraproject.org/packages/system-config-printer/1.5.18/20.fc44/src/system-config-printer-1.5.18-20.fc44.src.rpm	HTTP range + RPM magic
systemd-259.8-1.fc44.src.rpm	Fedora Koji	https://kojipkgs.fedoraproject.org/packages/systemd/259.8/1.fc44/src/systemd-259.8-1.fc44.src.rpm	HTTP range + RPM magic
taglib-2.3-2.fc44.src.rpm	Fedora Koji	https://kojipkgs.fedoraproject.org/packages/taglib/2.3/2.fc44/src/taglib-2.3-2.fc44.src.rpm	HTTP range + RPM magic
tar-1.35-8.fc44.src.rpm	Fedora Koji	https://kojipkgs.fedoraproject.org/packages/tar/1.35/8.fc44/src/tar-1.35-8.fc44.src.rpm	HTTP range + RPM magic
tbb-2022.3.0-3.fc44.src.rpm	Fedora Koji	https://kojipkgs.fedoraproject.org/packages/tbb/2022.3.0/3.fc44/src/tbb-2022.3.0-3.fc44.src.rpm	HTTP range + RPM magic
tesseract-5.5.3-1.fc44.src.rpm	Fedora Koji	https://kojipkgs.fedoraproject.org/packages/tesseract/5.5.3/1.fc44/src/tesseract-5.5.3-1.fc44.src.rpm	HTTP range + RPM magic
tesseract-tessdata-4.1.0-12.fc44.src.rpm	Fedora Koji	https://kojipkgs.fedoraproject.org/packages/tesseract-tessdata/4.1.0/12.fc44/src/tesseract-tessdata-4.1.0-12.fc44.src.rpm	HTTP range + RPM magic
tinysparql-3.11.1-1.fc44.src.rpm	Fedora Koji	https://kojipkgs.fedoraproject.org/packages/tinysparql/3.11.1/1.fc44/src/tinysparql-3.11.1-1.fc44.src.rpm	HTTP range + RPM magic
toolbox-0.3-4.fc44.src.rpm	Fedora Koji	https://kojipkgs.fedoraproject.org/packages/toolbox/0.3/4.fc44/src/toolbox-0.3-4.fc44.src.rpm	HTTP range + RPM magic
tpm2-tss-4.1.3-9.fc44.src.rpm	Fedora Koji	https://kojipkgs.fedoraproject.org/packages/tpm2-tss/4.1.3/9.fc44/src/tpm2-tss-4.1.3-9.fc44.src.rpm	HTTP range + RPM magic
tslib-1.24-2.fc44.src.rpm	Fedora Koji	https://kojipkgs.fedoraproject.org/packages/tslib/1.24/2.fc44/src/tslib-1.24-2.fc44.src.rpm	HTTP range + RPM magic
tuned-2.27.0-1.fc44.src.rpm	Fedora Koji	https://kojipkgs.fedoraproject.org/packages/tuned/2.27.0/1.fc44/src/tuned-2.27.0-1.fc44.src.rpm	HTTP range + RPM magic
twolame-0.4.0-9.fc44.src.rpm	Fedora Koji	https://kojipkgs.fedoraproject.org/packages/twolame/0.4.0/9.fc44/src/twolame-0.4.0-9.fc44.src.rpm	HTTP range + RPM magic
tzdata-2026c-1.fc44.src.rpm	Fedora Koji	https://kojipkgs.fedoraproject.org/packages/tzdata/2026c/1.fc44/src/tzdata-2026c-1.fc44.src.rpm	HTTP range + RPM magic
udisks2-2.11.2-1.fc44.src.rpm	Fedora Koji	https://kojipkgs.fedoraproject.org/packages/udisks2/2.11.2/1.fc44/src/udisks2-2.11.2-1.fc44.src.rpm	HTTP range + RPM magic
umtp-responder-1.9.1-20260731095417.fc44.src.rpm	Pocket DS COPR	https://download.copr.fedorainfracloud.org/results/linux4switch/pocketds/fedora-44-aarch64/10797617-umtp-responder/umtp-responder-1.9.1-20260731095417.fc44.src.rpm	HTTP range + RPM magic
unbound-1.26.0-1.fc44.src.rpm	Fedora Koji	https://kojipkgs.fedoraproject.org/packages/unbound/1.26.0/1.fc44/src/unbound-1.26.0-1.fc44.src.rpm	HTTP range + RPM magic
unity-gtk-module-0.0.0+17.04.20170403-24.fc44.src.rpm	Fedora Koji	https://kojipkgs.fedoraproject.org/packages/unity-gtk-module/0.0.0+17.04.20170403/24.fc44/src/unity-gtk-module-0.0.0+17.04.20170403-24.fc44.src.rpm	HTTP range + RPM magic
unzip-6.0-69.fc44.src.rpm	Fedora Koji	https://kojipkgs.fedoraproject.org/packages/unzip/6.0/69.fc44/src/unzip-6.0-69.fc44.src.rpm	HTTP range + RPM magic
upower-1.91.3-1.fc44.src.rpm	Fedora Koji	https://kojipkgs.fedoraproject.org/packages/upower/1.91.3/1.fc44/src/upower-1.91.3-1.fc44.src.rpm	HTTP range + RPM magic
uresourced-0.5.4-5.fc44.src.rpm	Fedora Koji	https://kojipkgs.fedoraproject.org/packages/uresourced/0.5.4/5.fc44/src/uresourced-0.5.4-5.fc44.src.rpm	HTTP range + RPM magic
uriparser-1.0.2-1.fc44.src.rpm	Fedora Koji	https://kojipkgs.fedoraproject.org/packages/uriparser/1.0.2/1.fc44/src/uriparser-1.0.2-1.fc44.src.rpm	HTTP range + RPM magic
urw-base35-fonts-20200910-27.fc44.src.rpm	Fedora Koji	https://kojipkgs.fedoraproject.org/packages/urw-base35-fonts/20200910/27.fc44/src/urw-base35-fonts-20200910-27.fc44.src.rpm	HTTP range + RPM magic
usermode-1.114-16.fc44.src.rpm	Fedora Koji	https://kojipkgs.fedoraproject.org/packages/usermode/1.114/16.fc44/src/usermode-1.114-16.fc44.src.rpm	HTTP range + RPM magic
util-linux-2.41.5-1.fc44.src.rpm	Fedora Koji	https://kojipkgs.fedoraproject.org/packages/util-linux/2.41.5/1.fc44/src/util-linux-2.41.5-1.fc44.src.rpm	HTTP range + RPM magic
v4l-utils-1.32.0-3.fc44.src.rpm	Fedora Koji	https://kojipkgs.fedoraproject.org/packages/v4l-utils/1.32.0/3.fc44/src/v4l-utils-1.32.0-3.fc44.src.rpm	HTTP range + RPM magic
vid.stab-1.1.1-8.fc44.src.rpm	Fedora Koji	https://kojipkgs.fedoraproject.org/packages/vid.stab/1.1.1/8.fc44/src/vid.stab-1.1.1-8.fc44.src.rpm	HTTP range + RPM magic
vim-9.2.967-1.fc44.src.rpm	Fedora Koji	https://kojipkgs.fedoraproject.org/packages/vim/9.2.967/1.fc44/src/vim-9.2.967-1.fc44.src.rpm	HTTP range + RPM magic
virt-what-1.27-5.fc44.src.rpm	Fedora Koji	https://kojipkgs.fedoraproject.org/packages/virt-what/1.27/5.fc44/src/virt-what-1.27-5.fc44.src.rpm	HTTP range + RPM magic
vlc-3.0.23-10.fc44.src.rpm	Fedora Koji	https://kojipkgs.fedoraproject.org/packages/vlc/3.0.23/10.fc44/src/vlc-3.0.23-10.fc44.src.rpm	HTTP range + RPM magic
vo-amrwbenc-0.1.3-24.fc44.src.rpm	Fedora Koji	https://kojipkgs.fedoraproject.org/packages/vo-amrwbenc/0.1.3/24.fc44/src/vo-amrwbenc-0.1.3-24.fc44.src.rpm	HTTP range + RPM magic
volume_key-0.3.12-29.fc44.src.rpm	Fedora Koji	https://kojipkgs.fedoraproject.org/packages/volume_key/0.3.12/29.fc44/src/volume_key-0.3.12-29.fc44.src.rpm	HTTP range + RPM magic
vpnc-0.5.3^20241114.git11e15a1-4.fc44.src.rpm	Fedora Koji	https://kojipkgs.fedoraproject.org/packages/vpnc/0.5.3^20241114.git11e15a1/4.fc44/src/vpnc-0.5.3^20241114.git11e15a1-4.fc44.src.rpm	HTTP range + RPM magic
vpnc-script-20230907-7.git5b9e7e4c.fc44.src.rpm	Fedora Koji	https://kojipkgs.fedoraproject.org/packages/vpnc-script/20230907/7.git5b9e7e4c.fc44/src/vpnc-script-20230907-7.git5b9e7e4c.fc44.src.rpm	HTTP range + RPM magic
vulkan-loader-1.4.341.0-1.fc44.src.rpm	Fedora Koji	https://kojipkgs.fedoraproject.org/packages/vulkan-loader/1.4.341.0/1.fc44/src/vulkan-loader-1.4.341.0-1.fc44.src.rpm	HTTP range + RPM magic
vulkan-tools-1.4.341.0-1.fc44.src.rpm	Fedora Koji	https://kojipkgs.fedoraproject.org/packages/vulkan-tools/1.4.341.0/1.fc44/src/vulkan-tools-1.4.341.0-1.fc44.src.rpm	HTTP range + RPM magic
wavpack-5.9.0-2.fc44.src.rpm	Fedora Koji	https://kojipkgs.fedoraproject.org/packages/wavpack/5.9.0/2.fc44/src/wavpack-5.9.0-2.fc44.src.rpm	HTTP range + RPM magic
wayland-1.25.0-1.fc44.src.rpm	Fedora Koji	https://kojipkgs.fedoraproject.org/packages/wayland/1.25.0/1.fc44/src/wayland-1.25.0-1.fc44.src.rpm	HTTP range + RPM magic
wayland-utils-1.3.0-3.fc44.src.rpm	Fedora Koji	https://kojipkgs.fedoraproject.org/packages/wayland-utils/1.3.0/3.fc44/src/wayland-utils-1.3.0-3.fc44.src.rpm	HTTP range + RPM magic
webrtc-audio-processing-2.1-5.fc44.src.rpm	Fedora Koji	https://kojipkgs.fedoraproject.org/packages/webrtc-audio-processing/2.1/5.fc44/src/webrtc-audio-processing-2.1-5.fc44.src.rpm	HTTP range + RPM magic
wget2-2.2.1-2.fc44.src.rpm	Fedora Koji	https://kojipkgs.fedoraproject.org/packages/wget2/2.2.1/2.fc44/src/wget2-2.2.1-2.fc44.src.rpm	HTTP range + RPM magic
which-2.25-1.fc44.src.rpm	Fedora Koji	https://kojipkgs.fedoraproject.org/packages/which/2.25/1.fc44/src/which-2.25-1.fc44.src.rpm	HTTP range + RPM magic
wireless-regdb-2026.09.03-1.fc44.src.rpm	Fedora Koji	https://kojipkgs.fedoraproject.org/packages/wireless-regdb/2026.09.03/1.fc44/src/wireless-regdb-2026.09.03-1.fc44.src.rpm	HTTP range + RPM magic
wireplumber-0.5.14-1.fc44.src.rpm	Fedora Koji	https://kojipkgs.fedoraproject.org/packages/wireplumber/0.5.14/1.fc44/src/wireplumber-0.5.14-1.fc44.src.rpm	HTTP range + RPM magic
wpa_supplicant-2.11-9.fc44.src.rpm	Fedora Koji	https://kojipkgs.fedoraproject.org/packages/wpa_supplicant/2.11/9.fc44/src/wpa_supplicant-2.11-9.fc44.src.rpm	HTTP range + RPM magic
xapian-core-1.4.30-2.fc44.src.rpm	Fedora Koji	https://kojipkgs.fedoraproject.org/packages/xapian-core/1.4.30/2.fc44/src/xapian-core-1.4.30-2.fc44.src.rpm	HTTP range + RPM magic
xcb-imdkit-1.0.9-6.fc44.src.rpm	Fedora Koji	https://kojipkgs.fedoraproject.org/packages/xcb-imdkit/1.0.9/6.fc44/src/xcb-imdkit-1.0.9-6.fc44.src.rpm	HTTP range + RPM magic
xcb-util-0.4.1-9.fc44.src.rpm	Fedora Koji	https://kojipkgs.fedoraproject.org/packages/xcb-util/0.4.1/9.fc44/src/xcb-util-0.4.1-9.fc44.src.rpm	HTTP range + RPM magic
xcb-util-cursor-0.1.6-2.fc44.src.rpm	Fedora Koji	https://kojipkgs.fedoraproject.org/packages/xcb-util-cursor/0.1.6/2.fc44/src/xcb-util-cursor-0.1.6-2.fc44.src.rpm	HTTP range + RPM magic
xcb-util-image-0.4.1-9.fc44.src.rpm	Fedora Koji	https://kojipkgs.fedoraproject.org/packages/xcb-util-image/0.4.1/9.fc44/src/xcb-util-image-0.4.1-9.fc44.src.rpm	HTTP range + RPM magic
xcb-util-keysyms-0.4.1-9.fc44.src.rpm	Fedora Koji	https://kojipkgs.fedoraproject.org/packages/xcb-util-keysyms/0.4.1/9.fc44/src/xcb-util-keysyms-0.4.1-9.fc44.src.rpm	HTTP range + RPM magic
xcb-util-renderutil-0.3.10-9.fc44.src.rpm	Fedora Koji	https://kojipkgs.fedoraproject.org/packages/xcb-util-renderutil/0.3.10/9.fc44/src/xcb-util-renderutil-0.3.10-9.fc44.src.rpm	HTTP range + RPM magic
xcb-util-wm-0.4.2-9.fc44.src.rpm	Fedora Koji	https://kojipkgs.fedoraproject.org/packages/xcb-util-wm/0.4.2/9.fc44/src/xcb-util-wm-0.4.2-9.fc44.src.rpm	HTTP range + RPM magic
xdg-dbus-proxy-0.1.8-1.fc44.src.rpm	Fedora Koji	https://kojipkgs.fedoraproject.org/packages/xdg-dbus-proxy/0.1.8/1.fc44/src/xdg-dbus-proxy-0.1.8-1.fc44.src.rpm	HTTP range + RPM magic
xdg-desktop-portal-1.22.1-1.fc44.src.rpm	Fedora Koji	https://kojipkgs.fedoraproject.org/packages/xdg-desktop-portal/1.22.1/1.fc44/src/xdg-desktop-portal-1.22.1-1.fc44.src.rpm	HTTP range + RPM magic
xdg-desktop-portal-gtk-1.15.3-3.fc44.src.rpm	Fedora Koji	https://kojipkgs.fedoraproject.org/packages/xdg-desktop-portal-gtk/1.15.3/3.fc44/src/xdg-desktop-portal-gtk-1.15.3-3.fc44.src.rpm	HTTP range + RPM magic
xdg-desktop-portal-kde-6.7.4-1.fc44.src.rpm	Fedora Koji	https://kojipkgs.fedoraproject.org/packages/xdg-desktop-portal-kde/6.7.4/1.fc44/src/xdg-desktop-portal-kde-6.7.4-1.fc44.src.rpm	HTTP range + RPM magic
xdg-user-dirs-0.18-11.fc43.src.rpm	Fedora Koji	https://kojipkgs.fedoraproject.org/packages/xdg-user-dirs/0.18/11.fc43/src/xdg-user-dirs-0.18-11.fc43.src.rpm	HTTP range + RPM magic
xdg-utils-1.2.1-5.fc44.src.rpm	Fedora Koji	https://kojipkgs.fedoraproject.org/packages/xdg-utils/1.2.1/5.fc44/src/xdg-utils-1.2.1-5.fc44.src.rpm	HTTP range + RPM magic
xdpyinfo-1.3.4-4.fc44.src.rpm	Fedora Koji	https://kojipkgs.fedoraproject.org/packages/xdpyinfo/1.3.4/4.fc44/src/xdpyinfo-1.3.4-4.fc44.src.rpm	HTTP range + RPM magic
xevd-0.5.0-6.fc44.src.rpm	Fedora Koji	https://kojipkgs.fedoraproject.org/packages/xevd/0.5.0/6.fc44/src/xevd-0.5.0-6.fc44.src.rpm	HTTP range + RPM magic
xeve-0.5.1-6.fc44.src.rpm	Fedora Koji	https://kojipkgs.fedoraproject.org/packages/xeve/0.5.1/6.fc44/src/xeve-0.5.1-6.fc44.src.rpm	HTTP range + RPM magic
xhost-1.0.9-11.fc44.src.rpm	Fedora Koji	https://kojipkgs.fedoraproject.org/packages/xhost/1.0.9/11.fc44/src/xhost-1.0.9-11.fc44.src.rpm	HTTP range + RPM magic
xkbcomp-1.5.0-2.fc44.src.rpm	Fedora Koji	https://kojipkgs.fedoraproject.org/packages/xkbcomp/1.5.0/2.fc44/src/xkbcomp-1.5.0-2.fc44.src.rpm	HTTP range + RPM magic
xkeyboard-config-2.47-1.fc44.src.rpm	Fedora Koji	https://kojipkgs.fedoraproject.org/packages/xkeyboard-config/2.47/1.fc44/src/xkeyboard-config-2.47-1.fc44.src.rpm	HTTP range + RPM magic
xmessage-1.0.7-8.fc44.src.rpm	Fedora Koji	https://kojipkgs.fedoraproject.org/packages/xmessage/1.0.7/8.fc44/src/xmessage-1.0.7-8.fc44.src.rpm	HTTP range + RPM magic
xmlrpc-c-1.60.04-5.fc44.src.rpm	Fedora Koji	https://kojipkgs.fedoraproject.org/packages/xmlrpc-c/1.60.04/5.fc44/src/xmlrpc-c-1.60.04-5.fc44.src.rpm	HTTP range + RPM magic
xmlsec1-1.2.41-4.fc44.src.rpm	Fedora Koji	https://kojipkgs.fedoraproject.org/packages/xmlsec1/1.2.41/4.fc44/src/xmlsec1-1.2.41-4.fc44.src.rpm	HTTP range + RPM magic
xmodmap-1.0.11-10.fc44.src.rpm	Fedora Koji	https://kojipkgs.fedoraproject.org/packages/xmodmap/1.0.11/10.fc44/src/xmodmap-1.0.11-10.fc44.src.rpm	HTTP range + RPM magic
xorg-x11-server-Xwayland-24.1.13-1.fc44.src.rpm	Fedora Koji	https://kojipkgs.fedoraproject.org/packages/xorg-x11-server-Xwayland/24.1.13/1.fc44/src/xorg-x11-server-Xwayland-24.1.13-1.fc44.src.rpm	HTTP range + RPM magic
xorg-x11-xauth-1.1.5-1.fc44.src.rpm	Fedora Koji	https://kojipkgs.fedoraproject.org/packages/xorg-x11-xauth/1.1.5/1.fc44/src/xorg-x11-xauth-1.1.5-1.fc44.src.rpm	HTTP range + RPM magic
xorg-x11-xinit-1.4.3-4.fc44.src.rpm	Fedora Koji	https://kojipkgs.fedoraproject.org/packages/xorg-x11-xinit/1.4.3/4.fc44/src/xorg-x11-xinit-1.4.3-4.fc44.src.rpm	HTTP range + RPM magic
xprop-1.2.8-5.fc44.src.rpm	Fedora Koji	https://kojipkgs.fedoraproject.org/packages/xprop/1.2.8/5.fc44/src/xprop-1.2.8-5.fc44.src.rpm	HTTP range + RPM magic
xrdb-1.2.2-7.fc44.src.rpm	Fedora Koji	https://kojipkgs.fedoraproject.org/packages/xrdb/1.2.2/7.fc44/src/xrdb-1.2.2-7.fc44.src.rpm	HTTP range + RPM magic
xvidcore-1.3.7-19.fc44.src.rpm	Fedora Koji	https://kojipkgs.fedoraproject.org/packages/xvidcore/1.3.7/19.fc44/src/xvidcore-1.3.7-19.fc44.src.rpm	HTTP range + RPM magic
xwaylandvideobridge-0.5.2-1.fc44.src.rpm	Fedora Koji	https://kojipkgs.fedoraproject.org/packages/xwaylandvideobridge/0.5.2/1.fc44/src/xwaylandvideobridge-0.5.2-1.fc44.src.rpm	HTTP range + RPM magic
xxhash-0.8.3-4.fc44.src.rpm	Fedora Koji	https://kojipkgs.fedoraproject.org/packages/xxhash/0.8.3/4.fc44/src/xxhash-0.8.3-4.fc44.src.rpm	HTTP range + RPM magic
xz-5.8.2-2.fc44.src.rpm	Fedora Koji	https://kojipkgs.fedoraproject.org/packages/xz/5.8.2/2.fc44/src/xz-5.8.2-2.fc44.src.rpm	HTTP range + RPM magic
yaml-cpp-0.8.0-5.fc44.src.rpm	Fedora Koji	https://kojipkgs.fedoraproject.org/packages/yaml-cpp/0.8.0/5.fc44/src/yaml-cpp-0.8.0-5.fc44.src.rpm	HTTP range + RPM magic
zchunk-1.5.4-1.fc44.src.rpm	Fedora Koji	https://kojipkgs.fedoraproject.org/packages/zchunk/1.5.4/1.fc44/src/zchunk-1.5.4-1.fc44.src.rpm	HTTP range + RPM magic
zeromq-4.3.5-22.fc43.src.rpm	Fedora Koji	https://kojipkgs.fedoraproject.org/packages/zeromq/4.3.5/22.fc43/src/zeromq-4.3.5-22.fc43.src.rpm	HTTP range + RPM magic
zimg-3.0.6-3.fc44.src.rpm	Fedora Koji	https://kojipkgs.fedoraproject.org/packages/zimg/3.0.6/3.fc44/src/zimg-3.0.6-3.fc44.src.rpm	HTTP range + RPM magic
zix-0.8.0-2.fc44.src.rpm	Fedora Koji	https://kojipkgs.fedoraproject.org/packages/zix/0.8.0/2.fc44/src/zix-0.8.0-2.fc44.src.rpm	HTTP range + RPM magic
zlib-ng-2.3.3-3.fc44.src.rpm	Fedora Koji	https://kojipkgs.fedoraproject.org/packages/zlib-ng/2.3.3/3.fc44/src/zlib-ng-2.3.3-3.fc44.src.rpm	HTTP range + RPM magic
zram-generator-1.2.1-5.fc44.src.rpm	Fedora Koji	https://kojipkgs.fedoraproject.org/packages/zram-generator/1.2.1/5.fc44/src/zram-generator-1.2.1-5.fc44.src.rpm	HTTP range + RPM magic
zstd-1.5.7-5.fc44.src.rpm	Fedora Koji	https://kojipkgs.fedoraproject.org/packages/zstd/1.5.7/5.fc44/src/zstd-1.5.7-5.fc44.src.rpm	HTTP range + RPM magic
zvbi-0.2.44-3.fc44.src.rpm	Fedora Koji	https://kojipkgs.fedoraproject.org/packages/zvbi/0.2.44/3.fc44/src/zvbi-0.2.44-3.fc44.src.rpm	HTTP range + RPM magic
zxing-cpp-2.2.1-6.fc44.src.rpm	Fedora Koji	https://kojipkgs.fedoraproject.org/packages/zxing-cpp/2.2.1/6.fc44/src/zxing-cpp-2.2.1-6.fc44.src.rpm	HTTP range + RPM magic
